frame,pid,centered_x,centered_z,nose_x,nose_z,count_NAs,role
0,0,-2.6675,9.42175,-2.651,9.3895,3,confederate
0,2,-3.366,8.7835,-3.366,8.7835,21,confederate
1,0,-2.8045,9.97375,-2.848,10.085,3,confederate
1,2,-3.5985,9.3895,-3.477,9.0165,15,confederate
2,0,-2.707,9.6555,-2.806,9.9375,3,confederate
2,2,-3.302,8.616,-3.302,8.616,18,confederate
3,0,-2.588,9.454,-2.707,9.587,6,confederate
3,2,-3.302,8.616,-3.302,8.616,15,confederate
4,0,-2.5555000000000003,9.48725,-2.707,9.587,6,confederate
4,2,-3.388,8.8985,-3.388,8.84,15,confederate
5,0,-2.7525,9.75925,-2.743,9.7945,3,confederate
5,2,-3.181,8.405000000000001,-3.181,8.301,18,confederate
6,0,-2.763,9.867,-2.763,9.867,3,confederate
6,2,-3.674,9.69075,-3.674,9.587,21,confederate
7,0,-2.689,9.589,-2.766,9.7945,3,confederate
7,2,-3.502,9.1375,-3.502,9.1375,21,confederate
8,0,-2.7345,9.725,-2.806,9.9375,3,confederate
8,2,-3.323,8.6715,-3.323,8.6715,21,confederate
9,0,-2.7075,9.62225,-2.723,9.724,3,confederate
9,2,-3.221,8.404,-3.221,8.404,15,confederate
10,0,-2.623,9.5205,-2.684,9.587,3,confederate
10,2,-3.261,8.48325,-3.24,8.251,15,confederate
11,0,-2.684,9.5205,-2.684,9.587,3,confederate
11,2,-3.117,8.058,-3.201,8.201,15,confederate
12,0,-2.658,9.454,-2.669,9.454,3,confederate
12,2,-3.291,8.51,-3.28,8.404,15,confederate
13,0,-2.696,9.62125,-2.726,9.6555,9,confederate
13,2,-3.347,8.733,-3.144,8.056,12,confederate
14,0,-2.696,9.589,-2.746,9.724,9,confederate
14,2,-3.499,9.10675,-3.496,8.957,12,confederate
15,0,-2.654,9.5205,-2.684,9.587,9,confederate
15,2,-3.377,8.81175,-3.363,8.616,12,confederate
16,0,-2.7115,9.727,-2.824,10.085,9,confederate
16,2,-3.3405,8.76625,-3.5,9.076,12,confederate
17,0,-2.6995,9.5205,-2.824,10.085,9,confederate
17,2,-3.388,8.84,-3.365,8.727,12,confederate
18,0,-2.5385,9.16825,-2.58,9.1375,9,confederate
18,2,-3.4665,9.0165,-3.344,8.6715,12,confederate
19,0,-2.7445,9.75925,-2.766,9.7945,9,confederate
19,2,-3.4435,9.0165,-3.409,8.84,12,confederate
20,0,-2.6005000000000003,9.5205,-2.707,9.587,9,confederate
20,2,-3.271,8.5625,-3.241,8.404,12,confederate
21,0,-2.715,9.6555,-2.746,9.724,9,confederate
21,2,-3.1915,8.276,-3.201,8.301,12,confederate
22,0,-2.598,9.2935,-2.669,9.454,9,confederate
22,2,-3.1355,8.13125,-3.201,8.301,18,confederate
23,0,-2.857,10.16,-2.89,10.237,3,confederate
23,2,-3.337,8.6805,-3.433,8.957,21,confederate
24,0,-2.4675,9.17625,-2.464,8.728,3,confederate
24,2,-3.2505,8.405000000000001,-3.261,8.509,15,confederate
25,0,-2.6585,9.587,-2.707,9.587,3,confederate
25,2,-3.1715,8.251000000000001,-3.181,8.301,21,confederate
26,0,-2.754,9.7945,-2.762,9.865,3,confederate
26,2,-3.2815000000000003,8.58925,-3.282,8.5625,18,confederate
27,0,-2.7345,9.7945,-2.785,9.865,3,confederate
27,2,-3.1445,8.251000000000001,-3.088,8.056,18,confederate
28,0,-2.5535,9.3895,-2.647,9.454,3,confederate
28,2,-3.3440000000000003,8.69925,-3.323,8.6715,18,confederate
29,0,-2.745,9.76225,-2.803,10.01,3,confederate
29,2,-3.2635,8.514,-3.345,8.727,18,confederate
30,0,-2.725,9.82975,-2.743,9.7945,3,confederate
30,2,-3.3875,8.812750000000001,-3.344,8.6715,18,confederate
31,0,-2.7515,9.86825,-2.889,10.316,3,confederate
31,2,-3.241,8.48275,-3.281,8.509,18,confederate
32,0,-2.6615,9.587,-2.684,9.587,3,confederate
32,2,-3.2765,8.5455,-3.144,8.1525,18,confederate
33,0,-2.6985,9.7965,-2.932,10.472,3,confederate
33,2,-3.153,8.201,-3.144,8.1525,18,confederate
34,0,-2.6695,9.7945,-2.762,9.865,3,confederate
34,2,-3.301,8.509,-3.321,8.509,21,confederate
35,0,-2.6355,9.68975,-2.677,9.724,3,confederate
35,2,-3.354,8.7275,-3.342,8.5625,21,confederate
36,0,-2.6935,9.82975,-2.717,9.867,3,confederate
36,2,-3.4855,8.98725,-3.41,8.842,18,confederate
37,0,-2.637,9.724,-2.677,9.724,3,confederate
37,2,-3.172,8.225999999999999,-3.162,8.201,21,confederate
38,0,-2.5465,9.48725,-2.639,9.587,3,confederate
38,2,-3.0,7.7795,-2.983,7.735,21,confederate
39,0,-2.6355,9.68975,-2.658,9.6555,3,confederate
39,2,-3.1630000000000003,8.3025,-3.201,8.201,21,confederate
40,0,-2.654,9.724,-2.677,9.724,3,confederate
40,2,-3.263,8.564,-3.182,8.251,21,confederate
41,0,-2.654,9.6555,-2.677,9.724,3,confederate
41,2,-3.2635,8.464,-3.162,8.201,21,confederate
42,0,-2.586,9.68975,-2.716,9.865,3,confederate
42,2,-3.42,8.869250000000001,-3.431,8.8985,21,confederate
43,0,-2.6950000000000003,9.82975,-2.716,9.865,3,confederate
43,2,-3.3425,8.616,-3.182,8.251,15,confederate
44,0,-2.6465,9.587,-2.639,9.587,3,confederate
44,2,-3.3425,8.616,-3.052,7.915,15,confederate
45,0,-2.67,9.6555,-2.762,9.865,3,confederate
45,2,-3.333,8.591750000000001,-3.365,8.727,15,confederate
46,0,-2.68,9.69075,-2.743,9.7945,3,confederate
46,2,-3.397,8.729,-3.431,8.8985,15,confederate
47,0,-2.622,9.5205,-2.611,9.325,3,confederate
47,2,-3.3425,8.616,-3.221,8.3525,15,confederate
48,0,-2.7135,9.68975,-2.704,9.6555,3,confederate
48,2,-3.231,8.405000000000001,-3.261,8.509,15,confederate
49,0,-2.605,9.454,-2.647,9.454,3,confederate
49,2,-3.08,7.98675,-3.106,8.104,15,confederate
50,0,-2.6955,9.587,-2.707,9.587,3,confederate
50,2,-3.116,8.056,-3.106,8.104,15,confederate
51,0,-2.6315,9.48825,-2.651,9.3895,3,confederate
51,2,-3.3535,8.69925,-3.221,8.404,15,confederate
52,0,-2.7055,9.62225,-2.766,9.7945,3,confederate
52,2,-3.3645,8.6715,-3.241,8.4565,15,confederate
53,0,-2.615,9.587,-2.707,9.587,3,confederate
53,2,-3.241,8.404,-3.125,8.1525,12,confederate
54,0,-2.6135,9.454,-2.707,9.587,3,confederate
54,2,-3.261,8.4565,-3.241,8.4565,12,confederate
55,0,-2.7755,9.82975,-2.958,10.475,3,confederate
55,2,-3.261,8.509,-3.261,8.509,12,confederate
56,0,-2.746,9.724,-2.785,9.865,3,confederate
56,2,-3.261,8.509,-3.106,8.104,12,confederate
57,0,-2.786,9.90225,-2.869,10.16,3,confederate
57,2,-3.302,8.616,-3.302,8.616,12,confederate
58,0,-2.767,9.79975,-2.935,10.393,3,confederate
58,2,-3.496,8.957,-3.261,8.509,12,confederate
59,0,-2.837,10.0475,-2.848,10.085,3,confederate
59,2,-3.162,8.251,-3.162,8.251,12,confederate
60,0,-2.7565,9.76225,-2.826,10.01,3,confederate
60,2,-3.182,8.251,-2.899,7.563,12,confederate
61,0,-2.669,9.454,-2.669,9.454,3,confederate
61,2,-3.125,8.1525,-3.125,8.1525,12,confederate
62,0,-2.624,9.35725,-2.633,9.325,3,confederate
62,2,-3.125,8.104,-2.963,7.7795,12,confederate
63,0,-2.679,9.587,-2.746,9.724,3,confederate
63,2,-3.344,8.6715,-3.201,8.404,9,confederate
64,0,-2.806,9.90125,-2.806,9.9375,9,confederate
64,2,-3.124,8.201,-3.124,8.201,9,confederate
65,0,-2.746,9.724,-2.746,9.724,3,confederate
65,2,-3.242,8.3025,-3.242,8.51,9,confederate
66,0,-2.746,9.724,-2.746,9.724,3,confederate
66,2,-3.201,8.1525,-3.201,8.404,9,confederate
67,0,-2.5335,9.2305,-2.615,9.262,3,confederate
67,2,-3.182,8.201,-3.182,8.3525,9,confederate
68,0,-2.642,9.35725,-2.651,9.3895,9,confederate
68,1,-3.035,7.8695,-2.998,7.8695,9,confederate
69,0,-2.633,9.5205,-2.669,9.454,9,confederate
69,1,-3.124,8.201,-3.124,8.201,9,confederate
70,0,-2.6515000000000004,9.39125,-2.688,9.5205,9,confederate
70,1,-3.202,8.405,-3.202,8.405,9,confederate
71,0,-2.633,9.454,-2.669,9.454,3,confederate
71,1,-3.303,8.509,-3.303,8.6715,9,confederate
72,0,-2.616,9.5205,-2.688,9.5205,3,confederate
72,1,-3.412,8.616,-3.412,8.957,9,confederate
73,0,-2.6055,9.587,-2.707,9.587,3,confederate
73,1,-3.367,8.509,-3.367,8.84,9,confederate
74,0,-2.651,9.454,-2.651,9.3895,3,confederate
74,1,-3.283,8.104,-3.283,8.618,9,confederate
75,0,-2.6455,9.5205,-2.707,9.587,3,confederate
75,1,-3.241,8.3525,-3.162,8.301,9,confederate
76,0,-2.688,9.5205,-2.688,9.5205,3,confederate
76,1,-3.201,8.3525,-3.182,8.3525,9,confederate
77,0,-2.688,9.5205,-2.688,9.5205,3,confederate
77,1,-3.282,8.404,-3.282,8.616,9,confederate
78,0,-2.707,9.587,-2.707,9.587,3,confederate
78,1,-3.163,8.3025,-3.163,8.3025,9,confederate
79,0,-2.6765,9.587,-2.707,9.587,9,confederate
79,1,-3.39,8.6715,-3.39,8.8985,9,confederate
80,0,-2.5650000000000004,9.262,-2.563,9.078,9,confederate
80,1,-3.282,8.51,-3.282,8.616,9,confederate
81,0,-2.7345,9.724,-2.766,9.7945,9,confederate
81,1,-3.367,8.5625,-3.367,8.84,12,confederate
82,0,-2.622,9.325,-2.633,9.325,9,confederate
82,1,-3.162,8.251,-3.143,8.251,12,confederate
83,0,-2.6695,9.48825,-2.707,9.587,9,confederate
83,1,-3.282,8.616,-3.282,8.616,12,confederate
84,0,-2.561,9.262,-2.633,9.325,9,confederate
84,1,-3.241,8.509,-3.241,8.509,9,confederate
85,0,-2.6955,9.587,-2.707,9.587,9,confederate
85,1,-3.435,8.727,-3.435,9.0165,9,confederate
86,0,-2.622,9.325,-2.633,9.325,9,confederate
86,1,-3.221,8.405,-3.221,8.4565,6,confederate
87,0,-2.5875,9.5205,-2.707,9.587,9,confederate
87,1,-3.089,8.104,-3.087,8.104,6,confederate
88,0,-2.699,9.587,-2.806,9.9375,9,confederate
88,1,-3.182,8.3525,-3.221,8.4565,9,confederate
89,0,-2.688,9.5205,-2.707,9.587,9,confederate
89,1,-3.221,8.3525,-2.91,7.735,9,confederate
90,0,-2.5365,9.262,-2.615,9.262,9,confederate
90,1,-3.387,8.7835,-3.123,8.301,9,confederate
91,0,-2.5695,9.16825,-2.597,9.199,9,confederate
91,1,-3.409,8.84,-3.124,8.201,9,confederate
92,0,-2.8155,10.01125,-2.848,10.085,9,confederate
92,1,-3.5,9.076,-3.303,8.6715,9,confederate
93,0,-2.64,9.3895,-2.669,9.454,9,confederate
93,1,-3.524,9.1375,-3.303,8.6715,6,confederate
94,0,-2.6795,9.49025,-2.746,9.724,9,confederate
94,1,-3.125,8.104,-3.087,8.104,6,confederate
95,0,-2.688,9.5205,-2.707,9.587,9,confederate
95,1,-3.201,8.404,-3.105,8.1525,12,confederate
96,0,-2.7375,9.69575,-2.869,10.162,9,confederate
96,1,-3.262,8.5625,-3.033,7.9615,12,confederate
97,0,-2.726,9.6555,-2.785,9.865,9,confederate
97,1,-3.282,8.616,-3.221,8.4565,12,confederate
98,0,-2.6605,9.3895,-2.669,9.454,9,confederate
98,1,-3.56,9.076,-3.457,9.076,12,confederate
99,0,-2.6535,9.45875,-2.726,9.6555,9,confederate
99,1,-3.303,8.6715,-3.221,8.4565,12,confederate
100,0,-2.705,9.587,-2.726,9.6555,9,confederate
100,1,-3.324,8.727,-3.241,8.509,12,confederate
101,0,-2.6955,9.55375,-2.707,9.587,9,confederate
101,1,-3.367,8.84,-3.325,8.728,12,confederate
102,0,-2.658,9.454,-2.669,9.454,9,confederate
102,1,-3.305,8.84,-3.241,8.509,12,confederate
103,0,-2.465,8.958,-2.48,8.7835,9,confederate
103,1,-3.303,8.6715,-3.162,8.301,12,confederate
104,0,-2.6885000000000003,9.5215,-2.766,9.7945,9,confederate
104,1,-3.328,8.9015,-3.283,8.618,12,confederate
105,0,-2.662,9.454,-2.746,9.724,9,confederate
105,1,-3.39,8.84,-3.39,8.8985,12,confederate
106,0,-2.651,9.3895,-2.669,9.454,9,confederate
106,1,-3.431,9.076,-3.457,9.076,12,confederate
107,0,-2.7350000000000003,9.725,-2.766,9.7945,9,confederate
107,1,-3.388,8.84,-3.388,8.84,12,confederate
108,0,-2.649,9.42175,-2.669,9.454,15,confederate
108,1,-3.125,8.301,-3.125,8.1525,12,confederate
109,0,-2.715,9.6565,-2.746,9.726,9,confederate
109,1,-3.1715,8.276,-3.181,8.301,15,confederate
110,0,-2.629,9.454,-2.669,9.454,9,confederate
110,1,-3.3335,8.6715,-3.365,8.727,18,confederate
111,0,-2.6455,9.48725,-2.707,9.587,9,confederate
111,1,-3.177,8.212,-3.321,8.509,21,confederate
112,0,-2.7325,9.79875,-2.913,10.316,9,confederate
112,1,-3.1445,8.251000000000001,-3.22,8.201,21,confederate
113,0,-2.527,9.39375,-2.563,9.078,3,confederate
113,1,-3.2305,8.301749999999998,-3.299,8.3525,21,confederate
114,0,-2.5665,9.42175,-2.669,9.454,3,confederate
114,1,-3.3015,8.48325,-3.382,8.5625,21,confederate
115,0,-2.6585,9.5205,-2.684,9.587,3,confederate
115,1,-3.337,8.57625,-3.605,9.0195,21,confederate
116,0,-2.7065,9.587,-2.746,9.726,3,confederate
116,1,-3.3680000000000003,8.70375,-3.515,8.8985,21,confederate
117,0,-2.6765,9.587,-2.726,9.6555,3,confederate
117,1,-3.534,9.10775,-3.612,9.199,21,confederate
118,0,-2.7655,9.7955,-2.849,10.0895,3,confederate
118,1,-3.3425,8.616,-3.383,8.616,21,confederate
119,0,-2.5695,9.325,-2.633,9.325,0,confederate
119,1,-3.2605,8.404,-3.3,8.404,21,confederate
120,0,-2.677,9.5205,-2.688,9.5205,0,confederate
120,1,-3.2105,8.3525,-3.22,8.201,21,confederate
121,0,-2.715,9.587,-2.827,10.0125,0,confederate
121,1,-3.2705,8.404,-3.32,8.404,18,confederate
122,0,-2.6420000000000003,9.49025,-2.766,9.7945,0,confederate
122,1,-3.58,9.199,-3.634,9.199,18,confederate
123,0,-2.726,9.6555,-2.746,9.724,0,confederate
123,1,-3.5780000000000003,9.199,-3.677,9.199,21,confederate
124,0,-2.6585,9.5205,-2.707,9.587,0,confederate
124,1,-3.4105,8.70725,-3.58,8.958,18,confederate
125,0,-2.5445,9.325,-2.633,9.325,0,confederate
125,1,-3.465,8.847,-3.628,9.078,15,confederate
126,0,-2.736,9.725,-2.786,9.867,0,confederate
126,1,-3.4465000000000003,8.76625,-3.652,9.0825,21,confederate
127,0,-2.7455,9.76025,-2.766,9.7945,0,confederate
127,1,-3.484,8.842500000000001,-3.699,9.2005,21,confederate
128,0,-2.615,9.5205,-2.746,9.724,0,confederate
128,1,-3.42,8.75875,-3.579,8.9015,21,confederate
129,0,-2.6955,9.587,-2.707,9.587,0,confederate
129,1,-3.302,8.616,-3.302,8.616,24,confederate
130,0,-2.5965,9.35725,-2.669,9.454,0,confederate
131,0,-2.6130000000000004,9.325,-2.615,9.262,0,confederate
132,0,-2.622,9.325,-2.633,9.325,0,confederate
133,0,-2.605,9.3895,-2.707,9.587,0,confederate
134,0,-2.497,9.077,-2.546,9.0165,0,confederate
135,0,-2.6765,9.587,-2.726,9.6555,0,confederate
136,0,-2.7445,9.724,-2.766,9.7945,0,confederate
137,0,-2.715,9.62125,-2.746,9.726,0,confederate
138,0,-2.746,9.725,-2.786,9.867,0,confederate
139,0,-2.715,9.6555,-2.746,9.724,0,confederate
140,0,-2.786,9.866,-2.848,10.085,0,confederate
141,0,-2.631,9.325,-2.633,9.325,6,confederate
142,0,-2.6695,9.5205,-2.707,9.587,6,confederate
143,0,-2.7075,9.6555,-2.746,9.724,6,confederate
144,0,-2.7075,9.588,-2.726,9.6555,6,confederate
145,0,-2.5,9.10775,-2.563,9.076,6,confederate
146,0,-2.6975,9.7945,-2.806,9.9375,6,confederate
147,0,-2.5365,9.2305,-2.597,9.199,6,confederate
148,0,-2.6975,9.62725,-2.826,10.01,6,confederate
149,0,-2.7675,9.75925,-2.848,10.085,6,confederate
150,0,-2.6775,9.68975,-2.746,9.724,0,confederate
151,0,-2.6405000000000003,9.4245,-2.746,9.724,0,confederate
152,0,-2.604,9.262,-2.615,9.262,0,confederate
153,0,-2.626,9.589,-2.806,9.9375,3,confederate
154,0,-2.766,9.7965,-2.89,10.237,3,confederate
155,0,-2.69,9.5205,-2.848,10.085,3,confederate
156,0,-2.6235,9.5205,-2.707,9.587,3,confederate
157,0,-2.672,9.587,-2.707,9.587,3,confederate
158,0,-2.6515000000000004,9.48825,-2.707,9.587,3,confederate
158,2,-3.241,8.4565,-3.221,8.404,30,confederate
159,0,-2.635,9.55375,-2.746,9.724,3,confederate
159,2,-3.3445,8.69925,-3.344,8.6715,30,confederate
160,0,-2.7345,9.726,-2.806,9.9375,3,confederate
160,2,-3.623,9.454,-3.623,9.454,18,confederate
161,0,-2.7735000000000003,9.865,-2.785,9.865,3,confederate
161,2,-3.479,9.076,-3.479,9.076,18,confederate
162,0,-2.7175,9.62425,-2.806,9.9375,3,confederate
162,2,-3.345,8.727,-3.345,8.727,18,confederate
163,0,-2.7345,9.68975,-2.746,9.724,3,confederate
163,2,-3.502,9.1375,-3.502,9.1375,18,confederate
164,0,-2.746,9.727,-2.848,10.085,3,confederate
164,2,-3.344,8.6715,-3.344,8.6715,30,confederate
165,0,-2.7,9.90225,-2.89,10.237,3,confederate
165,2,-3.388,8.84,-3.388,8.84,30,confederate
166,0,-2.7345,9.724,-2.746,9.724,3,confederate
166,2,-3.574,9.325,-3.574,9.325,30,confederate
167,0,-2.535,9.076,-2.529,8.958,3,confederate
167,2,-3.479,9.076,-3.479,9.076,30,confederate
168,0,-2.678,9.62225,-2.806,9.9375,3,confederate
168,2,-3.558,9.199,-3.59,9.199,24,confederate
169,0,-2.8265,10.01125,-2.912,10.314,3,confederate
169,2,-3.2725,8.64375,-3.344,8.6715,15,confederate
170,0,-2.7645,9.83075,-2.826,10.01,3,confederate
170,2,-3.2415000000000003,8.4585,-3.302,8.616,15,confederate
171,0,-2.746,9.727,-2.763,9.867,3,confederate
171,2,-3.2415000000000003,8.51,-3.302,8.616,21,confederate
172,0,-2.7,9.6555,-2.723,9.724,3,confederate
172,2,-3.201,8.3525,-3.221,8.404,21,confederate
173,0,-2.71,9.75925,-2.743,9.7945,3,confederate
173,2,-3.345,8.727,-3.345,8.727,21,confederate
174,0,-2.618,9.587,-2.723,9.724,3,confederate
174,2,-3.2415000000000003,8.4585,-3.181,8.301,21,confederate
175,0,-2.6085000000000003,9.724,-2.723,9.724,0,confederate
175,2,-3.202,8.355,-3.143,8.201,21,confederate
176,0,-2.4765,9.2305,-2.593,9.262,3,confederate
176,2,-3.539,9.358,-3.479,9.076,21,confederate
177,0,-2.7435,9.836,-2.845,10.162,0,confederate
177,2,-3.3905000000000003,8.846,-3.302,8.616,21,confederate
178,0,-2.71,9.75925,-2.743,9.7945,3,confederate
178,2,-3.428,8.998249999999999,-3.282,8.5625,21,confederate
179,0,-2.6615,9.587,-2.684,9.587,0,confederate
179,2,-3.334,8.69975,-3.302,8.616,21,confederate
180,0,-2.773,9.90225,-2.845,10.162,3,confederate
180,2,-3.2715,8.53575,-3.282,8.5625,21,confederate
181,0,-2.629,9.48825,-2.684,9.587,3,confederate
181,2,-3.345,8.727,-3.282,8.5625,15,confederate
182,0,-2.8115,10.08725,-2.866,10.237,3,confederate
182,2,-3.3665000000000003,8.81175,-3.388,8.84,15,confederate
183,0,-2.647,9.587,-2.684,9.587,3,confederate
183,2,-3.134,8.17675,-3.143,8.201,15,confederate
184,0,-2.653,9.6555,-2.803,10.01,3,confederate
184,2,-3.3235,8.6715,-3.345,8.727,15,confederate
185,0,-2.634,9.454,-2.666,9.5205,3,confederate
185,2,-3.456,9.0165,-3.456,9.0165,15,confederate
186,0,-2.7225,9.726,-2.762,9.865,3,confederate
186,2,-3.221,8.404,-3.221,8.404,15,confederate
187,0,-2.704,9.76025,-2.762,9.865,3,confederate
187,2,-3.4095,8.869250000000001,-3.41,8.8985,15,confederate
188,0,-2.676,9.588,-2.824,10.085,3,confederate
188,2,-3.4105,8.8985,-3.433,8.957,15,confederate
189,0,-2.7225,9.726,-2.783,9.9375,3,confederate
189,2,-3.4435,8.957,-3.366,8.7835,12,confederate
190,0,-2.681,9.6555,-2.743,9.7945,3,confederate
190,2,-3.647,9.48725,-3.302,8.616,12,confederate
191,0,-2.572,9.325,-2.611,9.325,3,confederate
191,2,-3.598,9.358,-3.302,8.616,15,confederate
192,0,-2.7,9.725,-2.803,10.01,3,confederate
192,2,-3.5365,9.199,-3.479,9.076,15,confederate
193,0,-2.6925,9.6565,-2.783,9.9375,3,confederate
193,2,-3.3120000000000003,8.616,-3.125,8.1525,15,confederate
194,0,-2.596,9.3895,-2.647,9.454,3,confederate
194,2,-3.0715,8.1045,-3.143,8.201,15,confederate
195,0,-2.552,9.454,-2.647,9.454,3,confederate
195,2,-3.4095000000000004,8.842,-3.454,8.957,15,confederate
196,0,-2.689,9.82975,-2.824,10.085,3,confederate
196,2,-3.394,8.854,-3.547,9.199,12,confederate
197,0,-2.5455,9.35725,-2.603,9.454,3,confederate
197,2,-3.341,8.71425,-3.5,9.076,15,confederate
198,0,-2.708,9.7945,-2.863,10.398,3,confederate
198,2,-3.3945,9.04725,-3.524,9.1375,15,confederate
199,0,-2.5805,9.454,-2.603,9.454,3,confederate
199,2,-3.401,8.81925,-3.5,9.076,15,confederate
200,0,-2.6165,9.587,-2.639,9.587,3,confederate
200,2,-3.3905000000000003,8.958,-3.5,9.076,15,confederate
201,0,-2.6485000000000003,9.75925,-2.777,10.085,3,confederate
201,2,-3.2715,8.48425,-3.322,8.616,15,confederate
202,0,-2.6505,9.62125,-2.658,9.6555,3,confederate
202,2,-3.089,8.0095,-3.052,7.915,15,confederate
203,0,-2.5485,9.6555,-2.697,9.7945,3,confederate
203,2,-3.0015,7.7835,-3.07,7.9615,15,confederate
204,0,-2.5125,9.454,-2.639,9.587,3,confederate
204,2,-3.1345,8.12825,-3.088,8.008,15,confederate
205,0,-2.4495,9.2305,-2.516,9.1375,3,confederate
205,2,-3.088,8.008,-3.017,7.824,15,confederate
206,0,-2.5585,9.42175,-2.603,9.454,3,confederate
206,2,-3.052,7.915,-3.052,7.915,15,confederate
207,0,-2.6445,9.62125,-2.677,9.724,3,confederate
207,2,-3.0,7.7795,-3.017,7.824,15,confederate
208,0,-2.5705,9.3895,-2.639,9.587,3,confederate
208,2,-3.088,8.008,-3.088,8.008,21,confederate
209,0,-2.8015,10.08725,-2.957,10.5595,3,confederate
209,2,-3.2015,8.3025,-3.162,8.201,21,confederate
210,0,-2.71,9.75925,-2.743,9.7945,3,confederate
210,2,-3.2110000000000003,8.27675,-3.201,8.201,21,confederate
211,0,-2.5545,9.2935,-2.559,9.1375,3,confederate
211,2,-3.052,7.915,-3.017,7.824,12,confederate
212,0,-2.74,9.867,-2.803,10.01,9,confederate
212,2,-3.144,8.1525,-3.088,8.008,12,confederate
213,0,-2.673,9.62125,-2.723,9.724,3,confederate
213,2,-3.011,7.76025,-3.089,7.915,15,confederate
214,0,-2.7905,10.04875,-2.824,10.085,3,confederate
214,2,-3.125,8.1045,-3.088,8.008,21,confederate
215,0,-2.6325000000000003,9.587,-2.684,9.587,3,confederate
215,2,-3.2505,8.37825,-3.221,8.3525,15,confederate
216,0,-2.569,9.587,-2.723,9.724,3,confederate
216,2,-3.144,8.104,-3.106,8.104,15,confederate
217,0,-2.6075,9.55375,-2.621,9.5205,3,confederate
217,2,-3.2305,8.32675,-3.221,8.3525,21,confederate
218,0,-2.6465,9.69075,-2.818,10.237,3,confederate
218,2,-3.107,8.0095,-3.125,8.104,18,confederate
219,0,-2.492,9.454,-2.639,9.587,3,confederate
219,2,-3.1165,8.03275,-3.052,7.915,15,confederate
220,0,-2.547,9.454,-2.603,9.454,0,confederate
220,2,-3.1535,8.12825,-3.144,8.1525,15,confederate
221,0,-2.594,9.587,-2.639,9.587,0,confederate
221,2,-3.2110000000000003,8.276,-3.182,8.251,15,confederate
222,0,-2.509,9.454,-2.636,9.6555,0,confederate
222,2,-3.1255,8.056249999999999,-3.07,7.9615,12,confederate
223,0,-2.5715000000000003,9.6555,-2.617,9.587,0,confederate
223,2,-3.172,8.225999999999999,-3.182,8.251,15,confederate
224,0,-2.4905,9.358,-2.511,9.199,0,confederate
224,2,-3.1815,8.251000000000001,-3.088,8.008,15,confederate
225,0,-2.5475,9.454,-2.581,9.454,0,confederate
225,2,-3.454,8.957,-3.321,8.509,15,confederate
226,0,-2.576,9.724,-2.654,9.724,0,confederate
226,2,-3.547,9.199,-3.428,8.7835,15,confederate
227,0,-2.518,9.55375,-2.599,9.5205,0,confederate
227,2,-3.281,8.509,-3.241,8.404,15,confederate
228,0,-2.6125,9.68975,-2.677,9.724,3,confederate
228,2,-3.409,8.84,-3.241,8.404,15,confederate
229,0,-2.656,9.7945,-2.716,9.865,3,confederate
229,2,-3.3445,8.622,-3.28,8.404,21,confederate
230,0,-2.594,9.587,-2.639,9.587,3,confederate
230,2,-3.4905,8.998249999999999,-3.385,8.6715,21,confederate
231,0,-2.49,9.42175,-2.603,9.454,3,confederate
231,2,-3.231,8.37875,-3.201,8.301,21,confederate
232,0,-2.6885,9.726,-2.717,9.867,3,confederate
232,2,-3.3545,8.69975,-3.322,8.616,21,confederate
233,0,-2.7145,9.942,-2.778,10.0895,3,confederate
233,2,-3.3335,8.64475,-3.365,8.727,21,confederate
234,0,-2.708,9.7945,-2.798,10.162,3,confederate
234,2,-3.365,8.727,-3.365,8.727,21,confederate
235,0,-2.6415,9.587,-2.723,9.724,3,confederate
235,2,-3.2910000000000004,8.48275,-3.321,8.509,21,confederate
236,0,-2.6375,9.59,-2.763,9.867,3,confederate
236,2,-3.2235,8.51,-3.322,8.616,15,confederate
237,0,-2.6615,9.6555,-2.684,9.587,3,confederate
237,2,-3.214,8.4585,-3.322,8.616,15,confederate
238,0,-2.508,9.3895,-2.647,9.454,3,confederate
238,2,-3.2125000000000004,8.33075,-3.281,8.509,15,confederate
239,0,-2.776,9.943,-2.936,10.398,3,confederate
239,2,-3.221,8.3525,-3.201,8.301,15,confederate
240,0,-2.7445,9.82975,-2.766,9.7945,3,confederate
240,2,-3.2115,8.3275,-3.241,8.404,15,confederate
241,0,-2.4290000000000003,9.0835,-2.449,8.6745,3,confederate
241,2,-3.322,8.616,-3.282,8.5625,15,confederate
242,0,-2.7345,9.7945,-2.848,10.085,3,confederate
242,2,-3.291,8.536249999999999,-3.302,8.616,15,confederate
243,0,-2.6145,9.55375,-2.707,9.587,3,confederate
243,2,-3.281,8.457,-3.201,8.3525,15,confederate
244,0,-2.706,9.75925,-2.786,9.867,3,confederate
244,2,-3.138,8.163,-3.241,8.4565,15,confederate
245,0,-2.605,9.454,-2.669,9.454,3,confederate
245,2,-3.1925,8.27825,-3.241,8.404,15,confederate
246,0,-2.696,9.589,-2.766,9.7945,3,confederate
246,2,-3.322,8.616,-3.322,8.616,21,confederate
247,0,-2.7365,9.69075,-2.766,9.7945,3,confederate
247,2,-3.3575,8.733,-3.454,8.957,15,confederate
248,0,-2.6055,9.587,-2.707,9.587,3,confederate
248,2,-3.4325,8.9015,-3.365,8.727,21,confederate
249,0,-2.7675,9.7965,-2.806,9.9375,3,confederate
249,2,-3.273,8.5655,-3.345,8.727,21,confederate
250,0,-2.67,9.5205,-2.707,9.587,3,confederate
250,2,-3.516,9.051,-3.623,9.454,21,confederate
251,0,-2.615,9.32575,-2.633,9.325,3,confederate
251,2,-3.247,8.448,-3.388,8.84,15,confederate
252,0,-2.7575000000000003,9.727,-2.786,9.867,3,confederate
252,2,-3.183,8.254,-3.241,8.404,15,confederate
253,0,-2.766,9.75925,-2.766,9.7945,3,confederate
253,2,-3.116,8.1045,-3.162,8.201,15,confederate
254,0,-2.669,9.454,-2.669,9.454,3,confederate
254,2,-3.245,8.618,-3.365,8.727,21,confederate
255,0,-2.787,9.83075,-2.806,9.9375,9,confederate
255,2,-3.2965,8.54975,-3.431,8.8985,18,confederate
256,0,-2.5625,9.325,-2.633,9.325,3,confederate
256,2,-3.2815000000000003,8.51,-3.241,8.404,21,confederate
257,0,-2.746,9.724,-2.746,9.724,3,confederate
257,2,-3.313,8.537749999999999,-3.182,8.251,15,confederate
258,0,-2.7005,9.68975,-2.85,10.01,3,confederate
258,2,-3.261,8.405000000000001,-3.106,8.104,15,confederate
259,0,-2.7375,9.6555,-2.768,9.724,3,confederate
259,2,-3.409,8.7865,-3.201,8.3525,15,confederate
260,0,-2.582,9.262,-2.601,9.1375,9,confederate
260,2,-3.223,8.509,-3.087,8.104,9,confederate
261,0,-2.635,9.454,-2.729,9.587,9,confederate
261,2,-3.365,8.727,-3.182,8.3525,9,confederate
262,0,-2.747,9.68975,-2.769,9.726,9,confederate
262,2,-3.344,8.6715,-3.241,8.509,9,confederate
262,4,1.835,4.0885,1.902,4.777,27,participant
263,0,-2.728,9.62125,-2.749,9.6555,9,confederate
263,2,-3.435,9.0165,-3.435,9.0165,9,confederate
263,4,1.814,4.113,1.941,5.118,21,participant
264,0,-2.6735,9.454,-2.71,9.5205,9,confederate
264,2,-3.433,8.957,-3.282,8.616,6,confederate
264,4,1.713,4.215,1.642,4.553,15,participant
265,0,-2.8015,9.76225,-2.829,9.9375,9,confederate
265,2,-3.322,8.957,-3.412,8.957,3,confederate
265,4,1.642,4.151,1.503,4.308,12,participant
266,0,-2.7815000000000003,9.69075,-2.789,9.7945,9,confederate
266,2,-3.449,9.078,-3.481,9.1375,6,confederate
266,4,1.565,4.189,1.518,4.631,9,participant
267,0,-2.72,9.83175,-2.941,10.162,9,confederate
267,2,-3.388,9.076,-3.552,9.325,6,confederate
267,4,1.491,4.189,1.389,4.4635,3,participant
268,0,-2.6455,9.55375,-2.774,9.587,9,confederate
268,2,-3.242,8.616,-3.242,8.616,9,confederate
268,4,1.445,4.281,1.333,4.449,6,participant
269,0,-2.7625,9.69075,-2.876,9.9375,9,confederate
269,2,-3.201,8.509,-3.201,8.509,9,confederate
269,4,1.416,4.308,1.539,5.4825,6,participant
270,0,-2.6565000000000003,9.454,-2.774,9.587,9,confederate
270,2,-3.388,8.84,-3.181,8.509,9,confederate
270,4,1.318,4.281,1.283,4.811,6,participant
271,0,-2.5755,9.16825,-2.662,9.199,9,confederate
271,2,-3.388,8.84,-3.142,8.404,9,confederate
271,4,1.286,4.3355,1.202,4.7605,6,participant
272,0,-2.692,9.5205,-2.774,9.587,9,confederate
272,2,-3.261,8.8985,-3.35,9.0165,9,confederate
272,4,1.207,4.336,1.099,4.748,3,participant
273,0,-2.763,9.587,-2.797,9.587,9,confederate
273,2,-3.162,8.3525,-3.142,8.3525,12,confederate
273,4,1.163,4.363,1.016,4.4345,3,participant
274,0,-2.813,9.75925,-2.921,10.0125,9,confederate
274,2,-3.181,8.0095,-3.438,9.1375,12,confederate
274,4,1.106,4.3915,0.947,4.553,3,participant
275,0,-2.774,9.6555,-2.857,9.7945,9,confederate
275,2,-3.674,9.587,-3.393,9.076,12,confederate
275,3,1.066,4.553,0.958,4.8805,6,participant
276,0,-2.8695,9.83175,-2.899,9.9375,9,confederate
276,2,-3.646,9.454,-3.415,9.076,9,confederate
276,3,1.009,4.493,0.961,5.277,6,participant
277,0,-2.691,9.262,-2.702,9.262,9,confederate
277,2,-3.75,9.6555,-3.305,8.7835,12,confederate
277,3,0.931,4.523,0.82,4.811,6,participant
278,0,-2.7855,9.587,-2.797,9.587,9,confederate
278,2,-3.305,8.6715,-3.305,8.7835,9,confederate
278,3,0.866,4.6955,0.744,4.76,6,participant
279,0,-2.8055000000000003,9.62125,-2.817,9.6555,9,confederate
279,2,-3.0895,8.01325,-3.162,8.4565,15,confederate
279,3,0.816,4.845,0.723,5.08,6,participant
280,0,-2.7665,9.587,-2.797,9.587,3,confederate
280,2,-3.0795,8.0125,-3.142,8.404,21,confederate
280,3,0.743,4.7125,0.642,4.9155,6,participant
281,0,-2.7675,9.587,-2.819,9.587,3,confederate
281,2,-3.3025,8.617,-3.303,8.6715,15,confederate
281,3,0.718,4.694,0.613,5.157,9,participant
282,0,-2.6915,9.3895,-2.778,9.5205,3,confederate
282,2,-3.221,8.404,-3.221,8.404,27,confederate
282,3,0.637,4.8285,0.586,5.468,6,participant
283,0,-2.7845,9.6555,-2.837,9.724,3,confederate
283,2,-3.125,8.12825,-3.125,8.104,27,confederate
283,3,0.598,4.8635,0.535,6.2175,6,participant
284,0,-2.8575,9.7945,-2.86,9.724,3,confederate
284,2,-3.061,8.00875,-3.033,7.9615,15,confederate
284,3,0.53,5.0615,0.455,5.769,6,participant
285,0,-2.7605,9.587,-2.901,9.865,9,confederate
285,2,-3.221,8.4565,-3.162,8.301,12,confederate
285,3,0.431,4.969,0.4,6.6425,6,participant
286,0,-2.837,9.6555,-2.86,9.724,9,confederate
286,2,-3.162,8.251000000000001,-3.105,8.1525,18,confederate
286,3,0.368,5.005,0.319,5.7445,6,participant
287,0,-2.8005,9.587,-2.883,9.724,9,confederate
287,2,-3.458,9.0195,-3.458,9.078,12,confederate
287,3,0.298,4.951,0.226,5.7935,6,participant
288,0,-2.789,9.454,-2.842,9.587,9,confederate
288,2,-3.3245,8.70075,-3.303,8.618,18,confederate
288,3,0.258,5.08,0.16,5.382,6,participant
289,0,-2.817,9.587,-2.86,9.724,9,confederate
289,2,-3.4665,9.0165,-3.433,8.957,24,confederate
289,3,0.194,5.299,0.086,5.557,6,participant
290,0,-2.8415,9.724,-2.883,9.724,9,confederate
290,2,-3.0175,7.80325,-3.033,7.915,21,confederate
290,3,0.153,5.157,0.035,5.65,6,participant
291,0,-2.818,9.6555,-3.012,10.16,9,confederate
291,2,-3.211,8.301749999999998,-3.143,8.201,21,confederate
291,3,0.047,5.534,-0.064,6.305,6,participant
292,0,-2.7880000000000003,9.5205,-2.86,9.724,9,confederate
292,2,-3.361,8.509,-3.241,8.4565,9,confederate
292,3,-0.017,5.6495,-0.083,5.6495,6,participant
293,0,-2.7215,9.454,-2.819,9.587,9,confederate
293,2,-3.41,8.727,-3.41,8.8985,12,confederate
293,3,-0.079,5.36,-0.241,6.3035,6,participant
294,0,-2.8125,9.6555,-2.88,9.7945,9,confederate
294,2,-3.241,8.254,-3.241,8.4565,12,confederate
294,3,-0.178,5.3185,-0.238,5.534,6,participant
295,0,-2.837,9.724,-2.88,9.7945,9,confederate
295,2,-3.09,8.058,-3.088,8.058,9,confederate
295,3,-0.215,5.2975,-0.321,5.402,6,participant
296,0,-2.8425,9.724,-2.86,9.724,9,confederate
296,2,-3.345,8.509,-3.345,8.728,6,confederate
296,3,-0.299,5.318,-0.341,5.318,6,participant
297,0,-2.7965,9.587,-2.819,9.587,9,confederate
297,2,-3.643,9.199,-3.781,9.865,9,confederate
297,3,-0.275,5.2565,-0.43,5.339,6,participant
298,0,-2.71,9.454,-2.778,9.5205,9,confederate
298,2,-3.582,9.076,-3.526,9.199,9,confederate
298,3,-0.395,5.382,-0.501,5.58,6,participant
299,0,-2.7645,9.5205,-2.837,9.724,9,confederate
299,2,-3.39,8.84,-3.39,8.8985,6,confederate
299,3,-0.486,5.403,-0.534,5.381,6,participant
300,0,-2.612,9.2305,-2.702,9.262,9,confederate
300,2,-3.902,9.9375,-3.652,9.587,9,confederate
300,3,-0.497,5.534,-0.632,5.6965,6,participant
301,0,-2.7060000000000004,9.454,-2.797,9.587,9,confederate
301,2,-3.7365,9.48725,-3.457,9.076,9,confederate
301,3,-0.597,5.446,-0.656,5.446,6,participant
302,0,-2.8335,9.724,-2.899,9.9375,9,confederate
302,2,-3.6635,9.35725,-3.367,8.84,9,confederate
302,3,-0.64,5.49,-0.725,5.49,6,participant
303,0,-2.67,9.454,-2.78,9.454,9,confederate
303,2,-3.454,8.957,-3.282,8.616,9,confederate
303,3,-0.728,5.513,-0.77,5.534,6,participant
304,0,-2.78,9.55475,-2.817,9.6555,9,confederate
304,2,-3.282,8.51,-3.282,8.616,6,confederate
304,3,-0.758,5.49,-0.925,5.945,6,participant
305,0,-2.8125,9.724,-2.857,9.7945,9,confederate
305,2,-3.282,8.251,-3.282,8.616,6,confederate
305,3,-0.852,5.558,-0.938,5.7705,6,participant
306,0,-2.81,9.865,-2.899,9.9375,9,confederate
306,2,-3.124,8.201,-3.124,8.201,6,confederate
306,3,-0.891,5.558,-1.16,6.393,6,participant
307,0,-2.646,9.3895,-2.72,9.325,9,confederate
307,2,-3.242,8.301,-3.241,8.509,6,confederate
307,3,-0.998,5.721,-1.102,5.9985,6,participant
308,0,-2.624,9.1095,-2.72,9.325,9,confederate
308,2,-3.324,8.51,-3.324,8.727,6,confederate
308,3,-1.112,5.973,-1.112,5.973,6,participant
309,0,-2.7605,9.55375,-2.797,9.587,9,confederate
309,2,-3.412,8.4585,-3.412,8.957,6,confederate
309,3,-1.081,5.79375,-1.129,5.844,9,participant
310,0,-2.716,9.5205,-2.797,9.587,9,confederate
310,2,-3.326,8.3025,-3.367,8.84,12,confederate
310,3,-1.1355,5.77075,-1.202,5.8685,9,participant
311,0,-2.8385,9.6555,-2.921,10.0125,9,confederate
311,2,-3.221,8.355,-3.324,8.727,12,confederate
311,3,-1.339,6.0515,-1.4,6.392,6,participant
312,2,-3.367,8.5655,-3.367,8.84,12,confederate
312,3,-1.3435,6.1265,-1.644,7.0545,21,participant
312,4,-2.768,9.724,-2.837,9.724,15,confederate
313,1,-3.435,8.618,-3.435,9.0165,12,confederate
313,2,-1.47,6.245,-1.856,7.4395,6,participant
313,3,-2.7060000000000004,9.3895,-2.72,9.325,6,confederate
314,1,-3.338,8.254,-3.346,8.7835,12,confederate
314,2,-1.427,5.946,-1.905,7.3605,12,participant
314,3,-2.692,9.262,-2.72,9.325,18,confederate
315,1,-3.463,8.5625,-3.552,9.325,12,confederate
315,2,-1.559,6.1345,-1.843,7.0545,9,participant
315,3,-2.55,8.842,-2.58,8.842,24,confederate
316,1,-3.649,9.076,-3.758,9.865,12,confederate
316,2,-1.7454999999999998,6.539,-2.797,9.587,6,participant
317,1,-3.652,9.199,-3.652,9.587,6,confederate
317,2,-1.813,6.5965,-2.613,8.957,3,participant
318,1,-3.533,9.0165,-3.458,9.078,6,confederate
318,2,-1.6555,6.30325,-1.932,6.8415,12,participant
319,1,-3.7145,9.2935,-3.461,9.199,12,confederate
319,2,-1.707,6.392,-1.891,6.6415,9,participant
319,3,-2.598,8.845,-2.797,9.587,30,confederate
320,1,-3.788,9.42175,-3.326,8.84,15,confederate
320,2,-1.818,6.422,-1.888,6.422,9,participant
321,1,-3.6805,9.262,-3.242,8.6715,15,confederate
321,2,-1.927,6.3325,-1.936,6.3325,9,participant
321,3,-2.739,9.62125,-2.837,9.724,27,confederate
322,1,-3.5125,8.84,-3.326,8.84,15,confederate
322,2,-1.945,6.422,-2.024,6.422,6,participant
322,3,-2.6995,9.5205,-2.794,9.6555,21,confederate
323,1,-3.145,7.9855,-3.241,8.509,15,confederate
323,2,-2.171,6.577,-2.224,6.707,6,participant
323,3,-2.771,9.5205,-2.774,9.587,15,confederate
324,1,-3.388,8.84,-3.388,8.84,21,confederate
324,2,-2.2475,6.6205,-2.45,6.946,12,participant
324,3,-2.6515,9.32575,-2.717,9.3895,6,confederate
325,1,-3.313,8.590250000000001,-3.345,8.727,18,confederate
325,2,-2.399,6.71075,-2.474,6.8765,15,participant
325,3,-2.6955,9.48725,-2.755,9.5205,6,confederate
326,1,-3.322,8.616,-3.526,9.199,21,confederate
326,2,-2.352,6.515750000000001,-2.393,6.609,15,participant
326,3,-2.651,9.325,-2.699,9.325,9,confederate
327,1,-3.345,8.728,-3.345,8.728,30,confederate
327,2,-2.3225,6.64275,-2.52,6.7405,12,participant
327,3,-2.7515,9.587,-2.774,9.587,6,confederate
328,2,-2.3695,6.562749999999999,-2.469,6.483,9,participant
328,3,-2.688,9.587,-2.774,9.587,3,confederate
329,1,-2.395,6.595,-2.57,6.707,12,participant
329,2,-2.8115,9.724,-2.814,9.724,3,confederate
330,1,-2.4705,6.625500000000001,-2.702,6.8415,9,participant
330,2,-2.8125,9.7945,-2.876,9.9375,3,confederate
331,1,-2.615,6.8415,-2.737,6.807,9,participant
331,2,-2.763,9.587,-2.797,9.587,3,confederate
332,1,-2.654,6.774,-2.725,6.74,12,participant
332,2,-2.6905,9.48725,-2.778,9.5205,3,confederate
333,1,-2.6630000000000003,6.80825,-2.829,6.8765,12,participant
333,2,-2.8355,9.6555,-2.857,9.7945,3,confederate
334,1,-2.8635,7.16625,-3.064,7.241,12,participant
334,2,-2.8065,9.587,-2.86,9.724,9,confederate
335,1,-2.959,7.057,-3.066,7.128,12,participant
335,2,-2.787,9.587,-2.8,9.5205,9,confederate
336,1,-3.084,7.241,-3.36,7.564,9,participant
336,2,-2.8405,9.68975,-2.901,9.865,9,confederate
336,4,-3.0795,7.961499999999999,-3.033,7.915,30,confederate
337,1,-3.117,7.165,-3.549,7.824,9,participant
337,2,-2.817,9.587,-2.86,9.724,9,confederate
337,3,-3.59,9.199,-3.59,9.199,24,confederate
338,1,-3.1535,7.2415,-3.303,7.28,12,participant
338,2,-2.8255,9.724,-2.837,9.724,9,confederate
338,3,-3.496,9.076,-3.457,9.076,12,confederate
339,1,-3.0945,7.0545,-3.119,6.876,12,participant
339,2,-2.7975,9.62125,-2.857,9.7945,9,confederate
339,3,-3.406,8.957,-3.37,8.957,12,confederate
340,1,-3.2005,7.109500000000001,-3.234,7.091,9,participant
340,2,-2.8815,9.90225,-2.899,9.9375,9,confederate
340,3,-3.415,8.6715,-3.415,9.076,15,confederate
341,1,-3.2325,6.981999999999999,-3.301,7.165,9,participant
341,2,-2.8255,9.589,-2.837,9.724,9,confederate
341,3,-3.259,8.404,-3.142,8.3525,12,confederate
342,1,-3.2,7.018,-3.216,6.807,9,participant
342,2,-2.681,9.199,-2.702,9.262,9,confederate
342,3,-3.818,9.724,-3.485,9.262,12,confederate
343,1,-3.3165,7.109500000000001,-3.4,7.091,9,participant
343,2,-2.766,9.454,-2.758,9.454,9,confederate
343,3,-3.931,10.01,-3.528,9.262,12,confederate
344,1,-3.418,7.26275,-3.469,7.165,9,participant
344,2,-2.7955,9.62125,-2.797,9.587,9,confederate
344,3,-3.712,9.454,-3.39,8.8985,12,confederate
345,1,-3.557,7.38275,-3.766,7.5235,9,participant
345,2,-2.7535,9.55375,-2.778,9.5205,6,confederate
345,3,-3.646,9.454,-3.504,9.199,9,confederate
346,1,-3.501,7.1655,-3.585,7.128,9,participant
346,2,-2.6985,9.454,-2.778,9.5205,6,confederate
346,3,-3.524,9.199,-3.504,9.199,6,confederate
347,1,-3.564,7.202999999999999,-3.659,7.241,9,participant
347,2,-2.793,9.68975,-2.837,9.724,0,confederate
347,3,-3.412,8.957,-3.367,8.84,21,confederate
348,1,-3.6375,7.165,-3.616,7.091,9,participant
348,2,-2.691,9.325,-2.706,9.2005,6,confederate
348,3,-3.457,9.076,-3.39,8.8985,18,confederate
349,1,-3.6565,7.1465,-3.704,7.165,12,participant
349,2,-2.847,9.724,-2.88,9.7945,6,confederate
349,3,-3.69,9.454,-3.485,9.262,15,confederate
350,1,-3.6955,7.10975,-3.772,7.165,9,participant
350,2,-2.837,9.724,-2.86,9.724,6,confederate
350,3,-3.742,9.587,-3.348,8.8985,12,confederate
351,1,-3.76,7.128,-3.805,7.165,9,participant
351,2,-2.88,9.6555,-2.905,9.724,6,confederate
351,3,-3.64,9.325,-3.439,9.141,12,confederate
352,1,-3.895,7.3195,-3.978,7.359,9,participant
352,2,-2.8135000000000003,9.587,-2.887,9.587,6,confederate
352,3,-3.305,8.7835,-3.305,8.7835,12,confederate
353,1,-3.959,7.322,-4.052,7.3995,9,participant
353,2,-2.7325,9.48725,-2.887,9.587,9,confederate
353,3,-3.409,8.957,-3.457,9.076,9,confederate
354,0,-4.0415,7.439500000000001,-4.131,7.48,6,participant
354,1,-2.8545,9.68975,-2.928,9.724,9,confederate
354,2,-3.524,9.1375,-3.324,8.727,9,confederate
355,0,-4.1435,7.43975,-4.201,7.48,6,participant
355,1,-2.834,9.55375,-2.887,9.587,9,confederate
355,2,-3.572,9.262,-3.39,8.8985,9,confederate
356,0,-4.505,7.825,-4.557,7.915,3,participant
356,1,-2.9055,9.724,-3.083,10.16,3,confederate
356,2,-3.283,8.251,-3.283,8.727,15,confederate
357,0,-4.486,7.6975,-4.594,7.916,3,participant
357,1,-2.8375000000000004,9.587,-2.951,9.724,3,confederate
357,2,-3.221,8.5625,-3.303,8.6715,12,confederate
358,0,-4.508,7.735,-4.508,7.735,3,participant
358,1,-2.907,9.6555,-2.951,9.724,3,confederate
358,2,-3.201,8.404,-3.201,8.404,12,confederate
359,0,-4.619,7.739,-4.761,8.0095,6,participant
359,1,-2.9085,9.62125,-2.93,9.6555,3,confederate
359,2,-3.302,8.616,-3.221,8.4565,12,confederate
360,0,-4.475,7.4395,-4.601,7.649,3,participant
360,1,-2.909,9.587,-2.932,9.587,3,confederate
360,2,-3.39,8.8985,-3.201,8.3525,18,confederate
361,0,-4.443,7.4695,-4.672,7.736,6,participant
361,1,-3.0275,9.9375,-3.039,9.9375,3,confederate
361,2,-3.6085,9.325,-3.526,9.199,21,confederate
362,0,-4.7455,7.802250000000001,-4.752,7.8695,6,participant
362,1,-2.8120000000000003,9.5205,-2.932,9.587,6,confederate
362,2,-3.618,9.325,-3.261,8.509,18,confederate
363,0,-4.6850000000000005,7.736499999999999,-4.743,7.824,6,participant
363,1,-2.943,9.6555,-2.974,9.724,9,confederate
363,2,-3.366,8.728,-3.201,8.3525,21,confederate
364,0,-4.8055,7.94,-4.94,7.964,6,participant
364,1,-2.9325,9.724,-3.084,10.085,9,confederate
364,2,-3.373,8.616,-3.181,8.301,15,confederate
365,0,-5.042,8.15725,-5.22,8.3525,6,participant
365,1,-2.902,9.5205,-2.932,9.587,9,confederate
365,2,-3.3310000000000004,8.5625,-3.302,8.616,15,confederate
366,0,-4.9335,8.00875,-5.114,8.1525,6,participant
366,1,-2.974,9.725,-2.974,9.724,9,confederate
366,2,-3.5275,8.957,-3.345,8.727,12,confederate
367,0,-4.979,8.08025,-5.061,8.008,6,participant
367,1,-2.932,9.587,-2.932,9.587,9,confederate
367,2,-3.56,9.17325,-3.433,8.957,18,confederate
368,0,-4.983499999999999,8.0095,-5.077,7.915,6,participant
368,1,-2.9635,9.69075,-2.953,9.6555,9,confederate
368,2,-3.477,9.0165,-3.388,8.84,18,confederate
369,0,-5.227,8.27825,-5.43,8.404,6,participant
369,1,-2.8725,9.55375,-2.932,9.587,9,confederate
369,2,-3.4195,8.842,-3.433,8.957,15,confederate
370,0,-5.1080000000000005,8.03275,-5.213,8.0095,9,participant
370,1,-3.029,9.9045,-3.084,10.085,9,confederate
370,2,-3.5700000000000003,9.2005,-3.5,9.076,21,confederate
371,0,-5.25,8.201,-5.423,8.3025,6,participant
371,1,-2.852,9.5205,-2.912,9.5205,9,confederate
371,2,-3.4105,8.8985,-3.345,8.727,18,confederate
372,0,-5.383,8.35375,-5.523,8.4565,6,participant
372,1,-2.8815,9.48725,-2.891,9.454,9,confederate
372,2,-3.513,9.1375,-3.479,9.076,21,confederate
373,0,-5.4825,8.32675,-5.638,8.509,6,participant
373,1,-2.803,9.454,-2.974,9.724,9,confederate
373,2,-3.3875,8.81175,-3.366,8.7835,21,confederate
374,0,-5.4215,8.279250000000001,-5.607,8.404,6,participant
374,1,-2.769,9.32725,-2.814,9.2005,9,confederate
374,2,-3.377,8.7835,-3.241,8.404,12,confederate
375,0,-5.431,8.2045,-5.578,8.301,6,participant
375,1,-2.9215,9.6555,-2.974,9.724,9,confederate
375,2,-3.3550000000000004,8.727,-3.221,8.3525,12,confederate
376,0,-5.581,8.568,-5.652,8.3525,6,participant
376,1,-2.8825,9.5205,-2.974,9.724,9,confederate
376,2,-3.271,8.53575,-3.241,8.4565,12,confederate
377,0,-5.7475000000000005,8.5095,-5.757,8.509,6,participant
377,1,-2.9625,9.725,-3.061,10.01,9,confederate
377,2,-3.1715,8.301,-3.181,8.301,18,confederate
378,0,-5.672499999999999,8.256,-6.029,8.728,6,participant
378,1,-2.832,9.48725,-2.932,9.587,9,confederate
378,2,-3.3365,8.757249999999999,-3.201,8.3525,18,confederate
379,0,-5.628,8.301,-5.773,8.301,6,participant
379,1,-2.833,9.55375,-2.953,9.6555,9,confederate
379,2,-3.2725,8.617,-3.201,8.3525,18,confederate
380,0,-5.7635000000000005,8.3525,-5.901,8.4565,6,participant
380,1,-2.9425,9.76225,-3.039,9.9375,9,confederate
380,2,-3.3120000000000003,8.616,-3.282,8.5625,12,confederate
381,0,-5.910500000000001,8.4565,-5.977,8.509,6,participant
381,1,-3.0010000000000003,9.8885,-3.229,10.5595,9,confederate
381,2,-3.2665,8.497250000000001,-3.389,8.842,12,confederate
382,0,-6.121,8.69925,-6.112,8.6715,6,participant
382,1,-2.8015,9.3895,-2.872,9.3895,9,confederate
382,2,-3.303,8.591750000000001,-3.345,8.727,12,confederate
383,0,-6.1025,8.616,-6.133,8.616,6,participant
383,1,-2.676,9.018,-2.704,8.842,9,confederate
383,2,-3.3550000000000004,8.727,-3.345,8.727,12,confederate
384,0,-6.164999999999999,8.590250000000001,-6.137,8.509,6,participant
384,1,-2.952,9.69075,-2.995,9.7945,9,confederate
384,2,-3.599,9.6555,-3.323,8.6715,6,confederate
385,0,-6.2745,8.672,-6.254,8.616,6,participant
385,1,-2.9,9.587,-2.995,9.7945,9,confederate
385,2,-3.549,9.23125,-3.241,8.4565,9,confederate
386,0,-6.1705000000000005,8.51,-6.335,8.616,6,participant
386,1,-2.9515,9.75925,-2.995,9.7945,9,confederate
386,2,-3.434,8.98675,-3.261,8.509,9,confederate
387,0,-6.464,8.846,-6.674,9.076,6,participant
387,1,-2.909,9.6555,-2.951,9.724,3,confederate
387,2,-3.468,9.076,-3.41,8.8985,21,confederate
388,0,-6.449,8.81175,-6.583,8.84,6,participant
388,1,-2.7255000000000003,9.1375,-2.773,9.1375,9,confederate
388,2,-3.5305,9.29575,-3.181,8.301,15,confederate
389,0,-6.3975,8.6745,-6.736,9.0165,6,participant
389,1,-2.9075,9.6555,-2.972,9.7945,9,confederate
389,2,-3.479,9.076,-3.325,8.728,6,confederate
390,0,-6.4065,8.70675,-7.261,9.6595,6,participant
390,1,-2.698,9.29425,-2.755,9.078,9,confederate
390,2,-3.366,8.84,-3.346,8.7835,9,confederate
391,0,-6.655,8.872250000000001,-7.179,9.5205,6,participant
391,1,-2.826,9.455,-3.13,10.314,9,confederate
391,2,-3.241,8.84,-3.367,8.84,12,confederate
392,0,-6.723,8.98975,-7.102,9.3895,6,participant
392,1,-2.886,9.724,-2.972,9.7945,9,confederate
392,2,-3.552,9.325,-3.552,9.325,12,confederate
393,0,-6.829000000000001,9.13925,-7.046,9.2005,9,participant
393,1,-2.887,9.724,-3.016,9.9375,9,confederate
393,2,-3.244,8.9015,-3.528,9.262,15,confederate
394,0,-6.8015,8.992,-6.88,8.9015,9,participant
394,1,-2.9065,9.726,-3.083,10.16,9,confederate
394,2,-3.485,9.262,-3.457,9.076,18,confederate
395,0,-6.9255,9.2005,-7.036,9.076,6,participant
395,1,-2.864,9.587,-2.909,9.587,9,confederate
395,2,-3.345,8.7835,-3.346,8.7835,15,confederate
396,0,-7.207,9.3895,-7.229,9.325,6,participant
396,1,-2.885,9.6555,-2.951,9.724,9,confederate
396,2,-3.456,9.076,-3.303,8.6715,9,confederate
397,0,-6.833,8.957,-6.964,8.957,6,participant
397,1,-2.917,9.724,-2.951,9.724,9,confederate
397,2,-3.502,9.1375,-3.262,8.5625,9,confederate
398,0,-7.032,9.076,-7.121,9.076,6,participant
398,1,-2.847,9.5205,-2.909,9.587,9,confederate
398,2,-3.502,9.1375,-3.282,8.616,12,confederate
399,0,-7.041499999999999,9.077,-7.185,9.076,9,participant
399,1,-2.8095,9.454,-2.869,9.454,9,confederate
399,2,-3.526,9.199,-3.412,8.957,12,confederate
400,0,-7.0875,9.206,-7.112,8.958,9,participant
400,1,-2.8505000000000003,9.454,-2.909,9.587,9,confederate
400,2,-3.479,9.076,-3.39,8.8985,9,confederate
401,0,-7.17,9.272,-7.133,8.957,6,participant
401,1,-3.0155,9.9375,-3.061,10.01,9,confederate
401,2,-3.479,9.076,-3.457,9.076,9,confederate
402,0,-7.405,9.455,-7.604,9.5205,6,participant
402,1,-2.8165,9.68975,-3.039,9.9375,9,confederate
402,2,-3.599,9.454,-3.504,9.199,9,confederate
403,0,-7.4575,9.5205,-7.573,9.454,6,participant
403,1,-2.8515,9.5205,-2.932,9.587,9,confederate
403,2,-3.162,8.301,-3.162,8.301,9,confederate
404,0,-7.7935,9.76225,-7.983,9.9375,6,participant
404,1,-3.028,9.93875,-3.062,10.0125,9,confederate
404,2,-3.574,9.325,-3.367,8.84,9,confederate
405,0,-7.3915,9.325,-7.513,9.325,9,participant
405,1,-2.7785,9.454,-2.932,9.587,9,confederate
405,2,-3.433,8.957,-3.201,8.404,9,confederate
406,0,-7.6255,9.55375,-7.76,9.5205,9,participant
406,1,-2.9205,9.724,-2.974,9.724,9,confederate
406,2,-3.55,9.262,-3.504,9.199,12,confederate
407,0,-7.7345,9.6555,-7.882,9.587,9,participant
407,1,-2.9,9.587,-2.932,9.587,9,confederate
407,2,-3.2925,8.618,-3.324,8.727,12,confederate
408,0,-7.672,9.3895,-7.773,9.454,9,participant
408,1,-2.851,9.55375,-2.953,9.6555,9,confederate
408,2,-3.445,9.0165,-3.457,9.076,12,confederate
409,0,-7.523,9.1375,-7.584,9.199,6,participant
409,1,-2.8225,9.587,-2.932,9.587,9,confederate
409,2,-3.526,9.199,-3.504,9.199,12,confederate
410,0,-7.823,9.48825,-7.872,9.5205,6,participant
410,1,-2.7555,9.3265,-2.852,9.3265,9,confederate
410,2,-3.3795,8.846,-3.457,9.076,12,confederate
411,0,-7.9275,9.55975,-8.167,9.7945,6,participant
411,1,-2.8705,9.48725,-2.932,9.587,9,confederate
411,2,-3.4685,9.078,-3.504,9.199,12,confederate
412,0,-7.593999999999999,9.23125,-7.684,9.1375,9,participant
412,1,-2.7745,9.199,-2.813,9.199,9,confederate
412,2,-3.302,8.616,-3.39,8.8985,9,confederate
413,0,-7.8845,9.42175,-7.863,9.325,6,participant
413,1,-2.9415,9.68975,-2.974,9.724,9,confederate
413,2,-3.404,9.078,-3.504,9.199,9,confederate
414,0,-8.0235,9.55375,-8.129,9.587,6,participant
414,1,-2.8605,9.62125,-2.872,9.3895,9,confederate
414,2,-3.261,8.509,-3.162,8.301,9,confederate
415,0,-7.9895,9.454,-8.039,9.454,6,participant
415,1,-2.707,9.211,-2.722,8.9015,9,confederate
415,2,-3.388,8.84,-3.262,8.5625,9,confederate
416,0,-8.052,9.456,-8.197,9.587,9,participant
416,1,-2.784,9.587,-2.974,9.724,9,confederate
416,2,-3.433,8.957,-3.324,8.727,12,confederate
417,0,-8.6725,10.099,-9.052,10.472,9,participant
417,1,-3.0725,10.1235,-3.155,10.316,9,confederate
417,2,-3.574,9.325,-3.481,9.1375,18,confederate
418,0,-8.1165,9.5205,-8.238,9.454,9,participant
418,1,-2.85,9.5205,-2.909,9.587,9,confederate
418,2,-3.282,8.616,-3.282,8.616,18,confederate
419,0,-8.451,9.7945,-8.474,9.724,6,participant
419,1,-2.7575,9.454,-2.869,9.454,9,confederate
419,2,-3.191,8.3525,-3.201,8.404,15,confederate
420,0,-8.2275,9.454,-8.261,9.454,6,participant
420,1,-2.8105,9.55375,-2.909,9.587,6,confederate
420,2,-3.302,8.616,-3.221,8.4565,9,confederate
421,0,-8.3185,9.5205,-8.399,9.587,6,participant
421,1,-2.669,9.2305,-2.77,9.199,6,confederate
421,2,-3.181,8.301,-3.124,8.2025,9,confederate
422,0,-8.413,9.724,-8.565,9.724,9,participant
422,1,-2.8085,9.724,-2.928,9.724,6,confederate
422,2,-3.345,8.7835,-3.282,8.616,9,confederate
423,0,-8.596,9.7945,-8.673,9.7945,9,participant
423,1,-2.9165,9.7945,-2.992,9.9375,6,confederate
423,2,-3.181,8.4565,-3.221,8.4565,12,confederate
424,0,-9.035,10.3605,-9.001,10.085,9,participant
424,1,-2.72,9.35725,-2.733,9.076,6,confederate
424,2,-3.201,8.4565,-3.346,8.7835,12,confederate
425,0,-8.6615,9.76225,-8.893,9.9375,9,participant
425,1,-2.9145,9.75925,-2.928,9.724,6,confederate
425,2,-3.395,8.958,-3.435,9.0165,12,confederate
426,0,-9.0265,10.12575,-9.23,10.314,9,participant
426,1,-2.747,9.42275,-2.752,9.1375,6,confederate
426,2,-3.106,8.301,-3.162,8.301,12,confederate
427,0,-9.1155,10.314,-9.23,10.314,12,participant
427,1,-2.9045,9.75925,-2.949,9.7945,6,confederate
427,2,-3.388,8.84,-3.283,8.727,12,confederate
428,0,-8.907,9.93975,-9.049,10.085,12,participant
428,1,-2.9335,9.9375,-2.947,9.865,6,confederate
428,2,-3.574,9.454,-3.504,9.199,12,confederate
429,0,-9.129,10.2755,-9.233,10.237,9,participant
429,1,-2.926,9.90225,-2.991,10.01,6,confederate
429,2,-3.415,9.076,-3.415,9.076,12,confederate
430,0,-9.193,10.20475,-9.47,10.472,9,participant
430,1,-2.87,9.6555,-2.883,9.724,6,confederate
430,2,-3.287,9.076,-3.438,9.1375,12,confederate
431,0,-9.6105,10.6385,-9.847,10.805,12,participant
431,1,-2.8285,9.587,-2.86,9.724,6,confederate
431,2,-3.433,8.957,-3.37,8.957,12,confederate
432,0,-9.6485,10.60025,-9.8,10.7255,12,participant
432,1,-2.7715,9.6555,-2.797,9.587,6,confederate
432,2,-3.283,8.727,-3.283,8.727,12,confederate
433,0,-9.898,10.899,-10.225,11.162,9,participant
433,1,-2.7645,9.68975,-2.774,9.587,6,confederate
433,2,-3.433,8.957,-3.326,8.84,12,confederate
434,0,-9.874,10.76525,-10.003,10.892,9,participant
434,1,-2.7215,9.5205,-2.736,9.454,6,confederate
434,2,-3.599,9.3895,-3.415,9.076,12,confederate
435,0,-9.597,10.475,-9.793,10.636,9,participant
435,1,-2.736,9.6555,-2.692,9.454,6,confederate
435,2,-3.574,9.325,-3.415,9.076,12,confederate
436,0,-9.888,10.8075,-10.134,10.979,9,participant
436,1,-2.7375,9.6555,-2.729,9.587,6,confederate
436,2,-3.479,9.076,-3.37,8.957,12,confederate
437,0,-9.4725,10.393,-9.691,10.472,9,participant
437,1,-2.6820000000000004,9.29425,-2.619,9.199,6,confederate
437,2,-3.388,8.84,-3.283,8.727,12,confederate
438,0,-10.3785,11.3465,-10.492,11.252,9,participant
438,1,-2.8175,9.865,-2.809,9.865,6,confederate
438,2,-3.433,8.957,-3.242,8.616,12,confederate
439,0,-10.491,11.222,-10.905,11.6365,9,participant
439,1,-2.757,9.724,-2.768,9.724,6,confederate
439,2,-3.479,9.076,-3.242,8.616,12,confederate
440,0,-10.758500000000002,11.37625,-11.794,12.491,9,participant
440,1,-2.736,9.454,-2.655,9.325,6,confederate
440,2,-3.623,9.454,-3.221,8.616,12,confederate
441,0,-10.5785,11.145,-11.73,12.3925,9,participant
441,1,-2.747,9.68975,-2.768,9.724,6,confederate
441,2,-3.181,8.301,-3.066,8.201,12,confederate
442,0,-10.6085,11.22125,-10.933,11.5505,9,participant
442,1,-2.718,9.62125,-2.71,9.5205,6,confederate
442,2,-3.41,8.8985,-3.263,8.727,9,confederate
443,0,-10.2995,10.853750000000002,-10.529,11.069,9,participant
443,1,-2.726,9.6555,-2.729,9.587,6,confederate
443,2,-3.345,8.727,-3.181,8.509,12,confederate
444,0,-10.838,11.501,-11.232,11.75,9,participant
444,1,-2.707,9.587,-2.707,9.587,6,confederate
444,2,-3.345,8.727,-3.263,8.727,12,confederate
445,0,-11.394,12.00075,-11.963,12.3925,9,participant
445,1,-2.633,9.262,-2.655,9.325,6,confederate
445,2,-3.263,8.727,-3.263,8.727,12,confederate
446,0,-11.0055,11.54375,-11.15,11.5505,9,participant
446,1,-2.6975,9.55375,-2.729,9.587,6,confederate
446,2,-3.103,8.404,-3.181,8.509,12,confederate
447,0,-10.758,11.537,-11.164,11.537,12,participant
447,1,-2.728,9.62125,-2.749,9.6555,6,confederate
447,2,-3.143,8.509,-3.263,8.727,12,confederate
448,0,-11.067,11.6365,-11.315,11.6365,21,participant
448,1,-2.8175,9.7945,-2.809,9.865,6,confederate
448,2,-3.242,8.727,-3.305,8.7835,9,confederate
449,0,-10.598,11.252,-11.125,11.441,21,participant
449,1,-2.7165,9.587,-2.768,9.724,6,confederate
449,2,-3.306,8.84,-3.326,8.84,12,confederate
450,0,-10.893,11.537,-11.342,11.6365,18,participant
450,1,-2.757,9.724,-2.768,9.724,6,confederate
450,2,-3.221,8.616,-3.221,8.616,12,confederate
451,0,-10.4265,10.723,-10.262,10.554,27,participant
451,1,-2.7275,9.62125,-2.729,9.587,6,confederate
451,2,-3.302,8.616,-3.104,8.301,12,confederate
452,0,-10.2755,10.55525,-10.182,10.472,27,participant
452,1,-2.6805000000000003,9.454,-2.692,9.454,6,confederate
452,2,-3.181,8.301,-2.944,7.824,9,confederate
453,0,-10.3405,10.59625,-10.207,10.472,27,participant
453,1,-2.7675,9.724,-2.789,9.7945,6,confederate
453,2,-3.069,8.008,-3.013,8.008,9,confederate
454,0,-10.642,10.892,-10.642,10.892,30,participant
454,1,-2.767,9.5205,-2.768,9.724,6,confederate
454,2,-3.033,7.915,-2.959,7.915,9,confederate
455,1,-2.8795,10.1985,-2.89,10.237,6,confederate
455,2,-3.143,8.301,-3.104,8.301,6,confederate
456,1,-2.6765,9.454,-2.669,9.454,0,confederate
456,2,-3.302,8.616,-3.085,8.251,9,confederate
457,1,-2.726,9.62125,-2.726,9.6555,3,confederate
457,2,-3.433,8.957,-3.065,8.251,12,confederate
458,1,-2.7765,9.7945,-2.785,9.865,0,confederate
458,2,-3.574,9.325,-3.284,8.7835,12,confederate
459,1,-2.784,9.865,-2.785,9.865,0,confederate
459,2,-3.526,9.199,-3.328,8.957,9,confederate
460,1,-2.7165,9.68975,-2.785,9.865,6,confederate
460,2,-3.526,9.199,-3.395,9.1375,12,confederate
461,1,-2.622,9.325,-2.633,9.325,0,confederate
461,2,-3.433,8.957,-3.181,8.5625,12,confederate
462,1,-2.692,9.6555,-2.743,9.7945,0,confederate
462,2,-3.395,9.1375,-3.395,9.1375,12,confederate
463,1,-2.728,9.82975,-2.743,9.7945,0,confederate
463,2,-3.242,8.727,-3.242,8.727,12,confederate
464,1,-2.5445,9.325,-2.611,9.325,0,confederate
464,2,-3.6,8.9015,-3.692,9.9375,12,confederate
465,1,-2.6715,9.7945,-2.697,9.7945,6,confederate
465,2,-3.261,8.727,-3.242,8.727,12,confederate
466,1,-2.6855,9.7945,-2.798,10.162,0,confederate
466,2,-3.639,9.6555,-3.639,9.7945,12,confederate
467,1,-2.552,9.5205,-2.617,9.587,0,confederate
467,2,-3.479,9.076,-3.372,9.076,12,confederate
468,1,-2.5145,9.325,-2.594,9.587,0,confederate
468,2,-3.479,9.262,-3.463,9.262,12,confederate
469,1,-2.565,9.5205,-2.631,9.724,0,confederate
469,2,-3.388,8.84,-3.084,8.301,12,confederate
470,1,-2.5295,9.454,-2.67,9.865,0,confederate
470,2,-3.613,9.5205,-3.613,9.724,12,confederate
471,1,-2.4495,9.29425,-2.446,9.199,0,confederate
471,2,-3.261,8.5625,-3.181,8.5625,15,confederate
472,1,-2.492,9.454,-2.514,9.454,0,confederate
472,2,-3.306,8.8985,-3.306,8.8985,15,confederate
473,1,-2.5265,9.587,-2.549,9.587,0,confederate
473,2,-3.721,9.2005,-3.723,10.085,15,confederate
474,1,-2.536,9.48725,-2.568,9.6555,0,confederate
474,2,-3.433,9.0165,-3.307,8.957,15,confederate
475,1,-2.4965,9.454,-2.549,9.587,0,confederate
475,2,-3.409,9.1375,-3.396,9.199,15,confederate
476,1,-2.5155000000000003,9.587,-2.527,9.587,0,confederate
476,2,-3.41,8.8985,-3.263,8.7835,15,confederate
477,1,-2.5425,9.6555,-2.563,9.724,0,confederate
477,2,-3.302,8.616,-3.104,8.355,15,confederate
478,1,-2.481,9.454,-2.492,9.454,0,confederate
478,2,-3.345,8.727,-3.122,8.404,15,confederate
479,1,-2.54,9.724,-2.563,9.724,0,confederate
479,2,-3.302,8.616,-3.047,8.201,15,confederate
480,1,-2.609,9.7955,-2.638,10.01,0,confederate
480,2,-3.372,9.076,-3.372,9.076,15,confederate
481,1,-2.444,9.358,-2.441,9.262,0,confederate
481,2,-3.433,9.199,-3.418,9.199,15,confederate
482,1,-2.5355,9.62125,-2.549,9.587,0,confederate
482,2,-3.433,9.076,-3.351,9.076,15,confederate
483,1,-2.5445,9.5205,-2.549,9.587,0,confederate
483,2,-3.388,8.84,-3.243,8.728,15,confederate
484,1,-2.5380000000000003,9.587,-2.549,9.587,0,confederate
484,2,-3.388,8.84,-3.161,8.509,15,confederate
485,1,-2.5125,9.3895,-2.558,9.454,0,confederate
485,2,-3.479,9.076,-3.201,8.616,15,confederate
486,1,-2.6005000000000003,9.62125,-2.674,9.7945,0,confederate
486,2,-3.261,8.509,-3.03,8.104,12,confederate
487,1,-2.465,9.2305,-2.545,9.325,0,confederate
487,2,-3.221,8.404,-2.977,7.9615,12,confederate
488,1,-2.5385,9.35725,-2.563,9.3895,0,confederate
488,2,-3.263,8.727,-3.263,8.727,12,confederate
489,1,-2.6135,9.6565,-2.678,9.726,0,confederate
489,2,-3.181,8.5625,-3.181,8.5625,12,confederate
490,1,-2.5895,9.48725,-2.621,9.5205,0,confederate
490,2,-3.302,8.616,-3.181,8.509,12,confederate
491,1,-2.5955,9.454,-2.684,9.587,0,confederate
491,2,-3.349,8.957,-3.349,8.957,12,confederate
492,1,-2.632,9.454,-2.647,9.454,0,confederate
492,2,-3.388,8.84,-3.305,8.84,12,confederate
493,1,-2.6505,9.587,-2.684,9.587,0,confederate
493,2,-3.479,9.076,-3.35,9.0165,12,confederate
494,1,-2.655,9.5205,-2.707,9.587,6,confederate
494,2,-3.557,9.454,-3.242,8.6715,12,confederate
495,1,-2.5035,9.04625,-2.563,9.076,6,confederate
495,2,-3.433,8.957,-3.123,8.3525,12,confederate
496,1,-2.6585,9.42175,-2.651,9.3895,6,confederate
496,2,-3.4915,9.199,-3.394,9.078,9,confederate
497,1,-2.6675,9.3895,-2.669,9.454,6,confederate
497,2,-3.468,9.076,-3.221,8.616,9,confederate
498,1,-2.747,9.68975,-2.768,9.724,6,confederate
498,2,-3.601,9.454,-3.37,8.957,12,confederate
499,1,-2.649,9.35725,-2.619,9.199,6,confederate
499,2,-3.627,9.5205,-3.348,8.8985,12,confederate
500,1,-2.757,9.724,-2.768,9.724,6,confederate
500,2,-3.574,9.325,-3.438,9.1375,12,confederate
501,1,-2.7105,9.5205,-2.692,9.454,6,confederate
501,2,-3.433,8.957,-3.327,8.842,12,confederate
502,1,-2.6785,9.3895,-2.655,9.325,6,confederate
502,2,-3.526,9.199,-3.348,8.8985,12,confederate
503,1,-2.809,9.83175,-2.809,9.865,6,confederate
503,2,-3.433,8.957,-3.242,8.616,12,confederate
504,1,-2.8115,9.68975,-2.814,9.724,6,confederate
504,2,-3.577,9.3895,-3.221,8.5625,6,confederate
505,1,-2.7405,9.587,-2.774,9.587,6,confederate
505,2,-3.261,8.509,-3.104,8.251,9,confederate
506,1,-2.7715,9.62125,-2.794,9.6555,6,confederate
506,2,-3.433,8.957,-3.123,8.301,9,confederate
507,1,-2.7515,9.587,-2.774,9.587,6,confederate
507,2,-3.526,9.199,-3.283,8.727,9,confederate
508,1,-2.648,9.1375,-2.627,9.076,6,confederate
508,2,-3.303,8.6715,-3.123,8.301,9,confederate
509,1,-2.76,9.587,-2.774,9.587,0,confederate
509,2,-3.435,9.0165,-3.049,8.104,18,confederate
510,1,-2.768,9.724,-2.768,9.724,6,confederate
510,2,-3.345,8.727,-3.142,8.3525,12,confederate
511,1,-2.7085,9.455,-2.71,9.5205,6,confederate
511,2,-3.346,8.7835,-3.201,8.509,12,confederate
512,1,-2.7485,9.587,-2.729,9.587,6,confederate
512,2,-3.557,9.454,-3.557,9.454,12,confederate
513,1,-2.669,9.3895,-2.655,9.325,6,confederate
513,2,-3.345,8.727,-3.221,8.5625,12,confederate
514,1,-2.707,9.5205,-2.692,9.454,6,confederate
514,2,-3.37,8.957,-3.37,8.957,12,confederate
515,1,-2.7475,9.68975,-2.749,9.6555,6,confederate
515,2,-3.366,8.7835,-3.162,8.404,12,confederate
516,1,-2.6995,9.454,-2.692,9.454,6,confederate
516,2,-3.345,8.727,-3.031,8.056,12,confederate
517,1,-2.6975,9.587,-2.688,9.5205,6,confederate
517,2,-3.479,9.076,-3.242,8.616,9,confederate
518,1,-2.633,9.3265,-2.633,9.3265,6,confederate
518,2,-3.388,8.84,-3.162,8.404,9,confederate
519,1,-2.599,9.16825,-2.58,9.1375,6,confederate
519,2,-3.302,8.616,-3.162,8.404,12,confederate
520,1,-2.638,9.3895,-2.669,9.454,6,confederate
520,2,-3.345,8.727,-3.242,8.618,12,confederate
521,1,-2.6805000000000003,9.454,-2.669,9.454,6,confederate
521,2,-3.526,9.199,-3.326,8.84,12,confederate
522,1,-2.6675,9.48725,-2.669,9.454,6,confederate
522,2,-3.326,8.84,-3.326,8.84,12,confederate
523,0,-2.6955,9.587,-2.707,9.587,6,confederate
523,1,-3.599,9.454,-3.56,9.5205,12,confederate
524,0,-2.784,9.90125,-2.806,9.9375,6,confederate
524,1,-3.574,9.325,-3.486,9.325,12,confederate
525,0,-2.6955,9.5205,-2.707,9.587,6,confederate
525,1,-3.433,8.957,-3.349,8.957,9,confederate
526,0,-2.7345,9.75925,-2.746,9.724,6,confederate
526,1,-3.628,9.55375,-3.535,9.454,6,confederate
527,0,-2.686,9.48725,-2.688,9.5205,6,confederate
527,1,-3.463,9.0165,-3.463,9.262,6,confederate
528,0,-2.58,9.325,-2.633,9.325,6,confederate
528,1,-3.221,8.616,-3.221,8.616,12,confederate
529,0,-2.6955,9.5205,-2.707,9.587,6,confederate
529,1,-3.221,8.616,-3.221,8.616,12,confederate
530,0,-2.7055,9.55375,-2.707,9.587,6,confederate
530,1,-3.305,8.7865,-3.305,8.84,12,confederate
531,0,-2.7735000000000003,9.865,-2.785,9.865,6,confederate
531,1,-3.302,8.727,-3.263,8.727,12,confederate
532,0,-2.715,9.587,-2.707,9.587,6,confederate
532,1,-3.56,9.325,-3.56,9.5205,12,confederate
533,0,-2.669,9.48725,-2.669,9.454,6,confederate
533,1,-3.463,9.262,-3.463,9.262,12,confederate
534,0,-2.64,9.325,-2.651,9.3895,6,confederate
534,1,-3.242,8.616,-3.242,8.616,9,confederate
535,0,-2.767,9.6565,-2.768,9.724,6,confederate
535,1,-3.345,8.727,-3.067,8.1525,9,confederate
536,0,-2.651,9.35725,-2.655,9.325,6,confederate
536,1,-3.345,8.727,-3.262,8.6715,12,confederate
537,0,-2.604,9.2935,-2.655,9.325,6,confederate
537,1,-3.392,8.84,-3.392,9.0165,9,confederate
538,0,-2.6260000000000003,9.2305,-2.619,9.199,6,confederate
538,1,-3.162,8.405,-3.162,8.405,9,confederate
539,0,-2.6585,9.325,-2.692,9.454,6,confederate
539,1,-3.221,8.404,-3.262,8.5625,9,confederate
540,0,-2.718,9.587,-2.794,9.6555,6,confederate
540,1,-3.283,8.618,-3.283,8.618,9,confederate
541,0,-2.6655,9.3895,-2.699,9.325,6,confederate
541,1,-3.069,8.0095,-3.015,7.915,9,confederate
542,0,-2.6805000000000003,9.454,-2.736,9.454,6,confederate
542,1,-3.201,8.301,-3.162,8.301,9,confederate
543,0,-2.7715,9.6565,-2.775,9.589,6,confederate
543,1,-3.365,8.727,-3.262,8.5625,9,confederate
544,0,-2.713,9.48725,-2.755,9.5205,6,confederate
544,1,-3.5,9.076,-3.241,8.509,9,confederate
545,0,-2.7140000000000004,9.454,-2.736,9.454,6,confederate
545,1,-3.454,8.957,-3.367,8.84,9,confederate
546,0,-2.6655,9.3895,-2.662,9.199,6,confederate
546,1,-3.454,8.957,-3.324,8.727,9,confederate
547,0,-2.7285,9.454,-2.758,9.454,9,confederate
547,1,-3.547,9.199,-3.457,9.076,9,confederate
548,0,-2.786,9.55375,-2.817,9.6555,9,confederate
548,1,-3.454,8.957,-3.346,8.7835,9,confederate
549,0,-2.7855,9.5205,-2.797,9.587,9,confederate
549,1,-3.281,8.51,-3.105,8.1525,9,confederate
550,0,-2.846,9.7945,-2.837,9.724,9,confederate
550,1,-3.162,8.301,-3.162,8.301,9,confederate
551,0,-2.791,9.724,-2.814,9.724,9,confederate
551,1,-3.621,9.3895,-3.552,9.325,9,confederate
552,0,-2.7855,9.587,-2.797,9.587,9,confederate
552,1,-3.262,8.5625,-3.262,8.5625,9,confederate
553,0,-2.747,9.587,-2.758,9.454,9,confederate
553,1,-3.602,9.262,-3.602,9.456,9,confederate
554,0,-2.7855,9.587,-2.797,9.587,9,confederate
554,1,-3.524,9.325,-3.412,8.957,9,confederate
555,0,-2.7405,9.588,-2.797,9.589,9,confederate
555,1,-3.547,9.199,-3.412,8.957,9,confederate
556,0,-2.729,9.5205,-2.817,9.6555,9,confederate
556,1,-3.477,9.0165,-3.412,8.957,9,confederate
557,0,-2.8255,9.724,-2.837,9.724,9,confederate
557,1,-3.524,9.1375,-3.367,8.84,9,confederate
558,0,-2.7855,9.587,-2.797,9.587,9,confederate
558,1,-3.393,8.957,-3.412,8.957,9,confederate
559,0,-2.7405,9.5205,-2.797,9.587,9,confederate
559,1,-3.324,8.727,-3.324,8.727,9,confederate
560,0,-2.8255,9.725,-2.857,9.7945,9,confederate
560,1,-3.282,8.616,-3.282,8.616,9,confederate
561,0,-2.757,9.48725,-2.778,9.5205,9,confederate
561,1,-3.201,8.301,-3.162,8.301,9,confederate
562,0,-2.7380000000000004,9.454,-2.758,9.454,9,confederate
562,1,-3.182,8.251,-3.162,8.301,9,confederate
563,0,-2.739,9.454,-2.758,9.454,9,confederate
563,1,-3.201,8.3525,-3.087,8.104,9,confederate
564,0,-2.742,9.55375,-2.755,9.5205,9,confederate
564,1,-3.367,8.84,-3.303,8.6715,15,confederate
565,0,-2.752,9.587,-2.797,9.587,6,confederate
565,1,-3.324,8.6715,-3.324,8.727,15,confederate
566,0,-2.728,9.262,-2.72,9.325,6,confederate
566,1,-3.221,8.404,-3.201,8.404,15,confederate
567,0,-2.8255,9.724,-2.837,9.724,6,confederate
567,1,-3.201,8.404,-3.201,8.404,15,confederate
568,0,-2.6675,9.3895,-2.78,9.454,6,confederate
568,1,-3.221,8.404,-3.201,8.404,9,confederate
569,0,-2.7965,9.587,-2.819,9.587,6,confederate
569,1,-3.241,8.509,-3.241,8.509,9,confederate
570,0,-2.713,9.325,-2.742,9.325,6,confederate
570,1,-3.261,8.509,-3.241,8.509,9,confederate
571,0,-2.799,9.62125,-2.84,9.6555,6,confederate
571,1,-3.321,8.6715,-3.303,8.6715,9,confederate
572,0,-2.8105,9.48725,-2.802,9.454,9,confederate
572,1,-3.365,8.727,-3.241,8.509,9,confederate
573,0,-2.8055,9.455,-2.847,9.454,9,confederate
573,1,-3.365,8.727,-3.262,8.5625,9,confederate
574,0,-2.9255,9.724,-3.014,10.01,9,confederate
574,1,-3.322,8.616,-3.201,8.404,9,confederate
575,0,-2.8335,9.587,-2.887,9.587,9,confederate
575,1,-3.454,8.957,-3.412,8.957,9,confederate
576,0,-2.7945,9.454,-2.847,9.454,9,confederate
576,1,-3.454,8.957,-3.324,8.727,9,confederate
577,0,-2.7605,9.5205,-2.887,9.587,9,confederate
577,1,-3.409,8.84,-3.282,8.616,9,confederate
578,0,-2.823,9.5205,-2.887,9.587,9,confederate
578,1,-3.261,8.5625,-3.262,8.5625,12,confederate
579,0,-2.814,9.325,-2.847,9.454,9,confederate
579,1,-3.281,8.5625,-3.241,8.509,12,confederate
580,0,-2.8755,9.587,-2.887,9.587,9,confederate
580,1,-3.367,8.84,-3.367,8.84,12,confederate
581,0,-2.833,9.5205,-2.887,9.587,9,confederate
581,1,-3.438,9.076,-3.457,9.076,12,confederate
582,0,-2.854,9.6555,-2.928,9.724,9,confederate
582,1,-3.5,9.076,-3.457,9.076,9,confederate
583,0,-2.8735,9.6555,-2.928,9.724,9,confederate
583,1,-3.504,9.199,-3.504,9.199,9,confederate
584,0,-2.775,9.325,-2.808,9.325,9,confederate
584,1,-3.5,9.076,-3.435,9.0165,9,confederate
585,0,-2.853,9.587,-2.887,9.587,9,confederate
585,1,-3.572,9.262,-3.457,9.076,12,confederate
586,0,-2.8025,9.48725,-2.847,9.454,9,confederate
586,1,-3.596,9.325,-3.552,9.325,12,confederate
587,0,-2.8625,9.6555,-2.928,9.724,9,confederate
587,1,-3.596,9.325,-3.504,9.199,9,confederate
588,0,-2.7935,9.55375,-2.867,9.5205,9,confederate
588,1,-3.454,8.957,-3.241,8.509,12,confederate
589,0,-2.842,9.587,-2.887,9.587,9,confederate
589,1,-3.621,9.3895,-3.368,8.842,12,confederate
590,0,-2.8145,9.5205,-2.887,9.587,9,confederate
590,1,-3.5,9.076,-3.324,8.727,12,confederate
591,0,-2.831,9.48825,-2.928,9.724,9,confederate
591,1,-3.458,8.96,-3.458,9.078,9,confederate
592,0,-2.822,9.454,-2.887,9.587,9,confederate
592,1,-3.369,8.623000000000001,-3.368,8.842,9,confederate
593,0,-2.821,9.5205,-2.908,9.6555,9,confederate
593,1,-3.39,8.7305,-3.39,8.8985,9,confederate
594,0,-2.871,9.724,-2.905,9.724,9,confederate
594,1,-3.461,8.509,-3.528,9.262,9,confederate
595,0,-2.7955,9.454,-2.864,9.587,9,confederate
595,1,-3.412,8.957,-3.412,8.958,9,confederate
596,0,-2.871,9.724,-2.928,9.724,9,confederate
596,1,-3.652,8.958,-3.652,9.587,9,confederate
597,0,-2.8395,9.6555,-2.905,9.724,9,confederate
597,1,-3.346,8.7835,-3.346,8.7835,9,confederate
598,0,-2.7705,9.42175,-2.825,9.454,9,confederate
598,1,-3.283,8.618,-3.283,8.618,12,confederate
599,0,-2.8285,9.6555,-2.926,9.7945,9,confederate
599,1,-3.404,8.629750000000001,-3.412,8.957,6,confederate
600,0,-2.818,9.62125,-2.905,9.724,9,confederate
600,1,-3.367,8.57125,-3.367,8.84,6,confederate
601,0,-2.798,9.48725,-2.864,9.587,9,confederate
601,1,-3.367,8.4585,-3.367,8.84,9,confederate
602,0,-2.685,9.199,-2.748,9.199,9,confederate
602,1,-3.33,8.464,-3.324,8.727,9,confederate
603,0,-2.7605,9.42275,-2.822,9.5205,9,confederate
603,1,-3.262,8.38175,-3.262,8.5625,9,confederate
604,0,-2.6775,9.23125,-2.746,9.262,9,confederate
604,1,-3.162,8.251000000000001,-3.162,8.301,6,confederate
605,0,-2.698,9.199,-2.727,9.199,9,confederate
605,1,-3.241,8.509,-3.241,8.509,6,confederate
606,0,-2.742,9.325,-2.786,9.325,9,confederate
606,1,-3.1815,8.301,-3.201,8.509,6,confederate
607,0,-2.772,9.325,-2.825,9.454,9,confederate
607,1,-3.3715,8.5705,-3.392,9.0165,6,confederate
608,0,-2.699,9.3895,-2.712,9.076,9,confederate
608,1,-3.088,8.056,-3.069,8.056,9,confederate
609,0,-2.7055,9.325,-2.764,9.325,6,confederate
609,1,-3.24,8.404,-3.201,8.404,9,confederate
610,0,-2.779,9.48725,-2.78,9.454,6,confederate
610,1,-3.346,8.509,-3.392,9.0165,9,confederate
611,0,-2.7775,9.55375,-2.797,9.587,6,confederate
611,1,-3.435,8.8985,-3.435,9.0165,9,confederate
612,0,-2.719,9.3895,-2.739,9.3895,6,confederate
612,1,-3.321,8.509,-3.123,8.301,9,confederate
613,0,-2.6585,9.199,-2.684,9.199,6,confederate
613,1,-3.201,8.404,-3.201,8.509,9,confederate
614,0,-2.731,9.48725,-2.758,9.454,6,confederate
614,1,-3.241,8.509,-3.241,8.509,15,confederate
615,0,-2.621,9.0165,-2.648,9.076,6,confederate
615,1,-3.435,8.84,-3.435,9.0165,15,confederate
616,0,-2.6945,9.3895,-2.72,9.325,6,confederate
616,1,-3.481,9.1375,-3.481,9.1375,15,confederate
617,0,-2.673,9.262,-2.684,9.199,6,confederate
617,1,-3.282,8.616,-3.241,8.509,15,confederate
618,0,-2.7955,9.62125,-2.817,9.6555,0,confederate
618,1,-3.3575,8.590250000000001,-3.303,8.6715,15,confederate
619,0,-2.774,9.587,-2.774,9.587,0,confederate
619,1,-3.496,8.957,-3.143,8.251,15,confederate
620,0,-2.7425,9.5205,-2.736,9.454,6,confederate
620,1,-3.4215,8.87175,-3.242,8.616,6,confederate
621,0,-2.7515,9.587,-2.774,9.587,0,confederate
621,1,-3.508,9.076,-3.508,9.325,12,confederate
622,0,-2.723,9.454,-2.736,9.454,0,confederate
622,1,-3.652,9.325,-3.659,9.726,15,confederate
623,0,-2.739,9.62125,-2.749,9.6555,3,confederate
623,1,-3.363,8.616,-3.262,8.5625,15,confederate
624,0,-2.7475,9.6555,-2.749,9.6555,6,confederate
624,1,-3.324,8.727,-3.324,8.727,12,confederate
625,0,-2.6710000000000003,9.454,-2.673,9.3895,6,confederate
625,1,-3.26,8.3525,-3.069,8.056,12,confederate
626,0,-2.729,9.587,-2.729,9.587,6,confederate
626,1,-3.324,8.727,-3.324,8.727,12,confederate
627,0,-2.624,9.2305,-2.619,9.199,6,confederate
627,1,-3.496,8.957,-3.162,8.301,12,confederate
628,0,-2.633,9.262,-2.619,9.199,6,confederate
628,1,-3.496,8.957,-3.015,7.915,12,confederate
629,0,-2.655,9.3895,-2.655,9.325,6,confederate
629,1,-3.409,8.84,-3.241,8.509,9,confederate
630,0,-2.768,9.6555,-2.768,9.724,0,confederate
630,1,-3.59,9.199,-3.324,8.727,15,confederate
631,0,-2.793,9.69075,-2.855,9.865,0,confederate
631,1,-3.593,8.7835,-3.601,9.454,15,confederate
632,0,-2.7605,9.587,-2.814,9.724,0,confederate
632,1,-3.124,8.201,-3.124,8.201,15,confederate
633,0,-2.7045000000000003,9.48725,-2.774,9.587,0,confederate
633,1,-3.45,8.957,-3.412,8.957,15,confederate
634,0,-2.733,9.587,-2.774,9.587,3,confederate
634,1,-3.517,9.076,-3.457,9.076,15,confederate
635,0,-2.624,9.2935,-2.662,9.199,3,confederate
635,1,-3.163,8.1525,-3.087,8.104,15,confederate
636,0,-2.7140000000000004,9.454,-2.736,9.454,3,confederate
636,1,-3.163,8.201,-3.124,8.201,15,confederate
637,0,-2.7045000000000003,9.5205,-2.797,9.587,3,confederate
637,1,-3.28,8.404,-3.051,8.0095,15,confederate
638,0,-2.6900000000000004,9.454,-2.758,9.454,3,confederate
638,1,-3.361,8.51,-3.241,8.509,12,confederate
639,0,-2.719,9.325,-2.739,9.3895,9,confederate
639,1,-3.32,8.51,-3.182,8.3525,6,confederate
640,0,-2.827,9.7945,-2.86,9.724,3,confederate
640,1,-3.444,8.727,-3.345,8.727,12,confederate
641,0,-2.6955,9.587,-2.819,9.587,3,confederate
641,1,-3.58,9.262,-3.55,9.262,12,confederate
642,0,-2.6875,9.325,-2.78,9.454,3,confederate
642,1,-3.533,8.84,-3.143,8.201,12,confederate
643,0,-2.7965,9.587,-2.819,9.587,9,confederate
643,1,-3.444,8.616,-3.302,8.616,6,confederate
644,0,-2.8575,9.7945,-2.901,9.865,3,confederate
644,1,-3.338,8.616,-3.302,8.616,12,confederate
645,0,-2.846,9.7955,-3.033,10.314,3,confederate
645,1,-3.591,8.728,-3.782,9.867,12,confederate
646,0,-2.857,9.69075,-2.88,9.7945,3,confederate
646,1,-3.433,8.7835,-3.433,8.957,12,confederate
647,0,-2.7405,9.587,-2.946,9.9375,3,confederate
647,1,-3.388,8.618,-3.388,8.84,15,confederate
648,0,-2.8585000000000003,9.68975,-2.903,9.7945,3,confederate
648,1,-3.533,8.84,-3.051,7.9615,15,confederate
649,0,-2.8105,9.587,-2.883,9.724,3,confederate
649,1,-3.727,9.325,-3.088,8.056,15,confederate
650,0,-2.819,9.587,-2.883,9.726,3,confederate
650,1,-3.488,8.727,-3.221,8.3525,12,confederate
651,0,-2.7705,9.588,-2.862,9.6555,3,confederate
651,1,-3.832,9.587,-3.281,8.509,12,confederate
652,0,-2.84,9.69375,-2.925,9.867,3,confederate
652,1,-3.628,9.076,-3.106,8.104,12,confederate
653,0,-2.87,9.75925,-2.926,9.7945,3,confederate
653,1,-3.318,8.616,-3.302,8.616,12,confederate
654,0,-2.8295,9.62125,-2.885,9.6555,3,confederate
654,1,-3.58,8.957,-3.262,8.51,15,confederate
655,0,-2.772,9.454,-2.864,9.587,3,confederate
655,1,-3.58,8.957,-3.016,7.8695,15,confederate
656,0,-2.761,9.42175,-2.805,9.3895,3,confederate
656,1,-3.318,8.3525,-3.125,8.1525,15,confederate
657,0,-2.8505000000000003,9.6555,-2.928,9.724,3,confederate
657,1,-3.05,8.008,-3.033,7.915,21,confederate
658,0,-2.841,9.587,-2.928,9.724,3,confederate
658,1,-3.221,8.4565,-3.221,8.404,21,confederate
659,0,-2.8235,9.726,-3.083,10.237,3,confederate
659,1,-3.106,8.104,-3.106,8.104,21,confederate
660,0,-2.8615,9.6555,-3.059,10.16,3,confederate
660,1,-3.326,8.84,-3.323,8.6715,21,confederate
661,0,-2.833,9.7945,-3.037,10.085,3,confederate
661,1,-3.261,8.509,-3.201,8.3525,21,confederate
662,0,-2.8105,9.5205,-2.847,9.454,3,confederate
662,1,-3.345,8.727,-3.345,8.727,21,confederate
663,0,-2.8105,9.5205,-2.949,9.7945,3,confederate
663,1,-3.302,8.616,-3.302,8.616,21,confederate
664,0,-2.6585,9.325,-2.808,9.325,3,confederate
664,1,-3.261,8.509,-3.261,8.509,18,confederate
665,0,-2.8840000000000003,9.68975,-3.156,10.398,3,confederate
665,1,-3.324,8.616,-3.302,8.616,12,confederate
666,0,-2.833,9.5205,-2.909,9.587,3,confederate
666,1,-3.515,8.8985,-3.261,8.509,12,confederate
667,0,-2.814,9.55475,-3.039,10.0125,3,confederate
667,1,-3.659,9.262,-3.302,8.616,15,confederate
668,0,-2.927,9.7945,-3.016,9.9375,3,confederate
668,1,-3.513,9.051,-3.241,8.404,24,confederate
669,0,-2.864,9.587,-2.994,9.865,3,confederate
669,1,-3.569,9.199,-3.454,8.958,24,confederate
670,0,-2.864,9.587,-2.909,9.587,3,confederate
670,1,-3.5185,8.963000000000001,-3.59,9.199,24,confederate
671,0,-2.9055,9.724,-3.084,10.162,3,confederate
671,1,-3.58,8.957,-3.58,8.957,21,confederate
672,0,-2.6325000000000003,9.19975,-2.632,8.6745,3,confederate
672,1,-3.468,8.728,-3.28,8.404,18,confederate
673,0,-2.9065000000000003,9.726,-3.039,10.0125,3,confederate
673,1,-3.5135,8.842,-3.344,8.6715,18,confederate
674,0,-2.845,9.7945,-3.016,9.9375,3,confederate
674,1,-3.3825000000000003,8.616,-3.322,8.616,18,confederate
675,0,-2.634,9.23125,-2.632,8.6715,3,confederate
675,1,-3.3630000000000004,8.618,-3.365,8.727,18,confederate
676,0,-2.885,9.6555,-2.951,9.724,3,confederate
676,1,-3.538,8.92775,-3.538,8.957,27,confederate
676,2,1.844,4.113,1.755,4.599,21,participant
677,0,-2.9065000000000003,9.726,-2.994,9.865,3,confederate
677,2,1.711,4.0885,1.705,4.76,9,participant
678,0,-2.7885,9.325,-2.83,9.325,3,confederate
678,2,1.642,4.202,1.474,4.254,6,participant
679,0,-2.8805,9.726,-3.061,10.085,3,confederate
679,2,1.584,4.202,1.444,4.406,6,participant
680,0,-2.7625,9.42175,-2.869,9.454,3,confederate
680,2,1.502,4.2945,1.384,4.5845,9,participant
681,0,-2.8555,9.5205,-2.909,9.587,3,confederate
681,2,1.425,4.2675,1.281,4.524,9,participant
682,0,-2.7995,9.5205,-2.909,9.587,3,confederate
682,2,1.329,4.336,1.245,4.7955,6,participant
683,0,-2.9705,9.90225,-3.038,10.01,3,confederate
683,2,1.238,4.336,1.139,4.7775,9,participant
684,0,-2.8455000000000004,9.55375,-2.909,9.587,3,confederate
684,2,1.177,4.3775,1.018,4.631,9,participant
685,0,-2.888,9.83075,-3.061,10.085,3,confederate
685,2,1.106,4.42,0.915,4.553,6,participant
686,0,-2.96,9.724,-3.038,10.01,3,confederate
686,1,-3.428,8.75525,-3.406,8.727,24,confederate
686,2,1.006,4.42,0.862,4.794,6,participant
687,0,-2.919,9.6565,-2.994,9.865,3,confederate
687,2,0.925,4.568,0.772,4.8645,9,participant
688,0,-2.9515,9.726,-2.994,9.865,3,confederate
688,1,-3.496,8.957,-3.479,9.076,30,confederate
688,2,0.805,4.478,0.691,5.0255,9,participant
689,0,-2.8455,9.48725,-2.889,9.5205,3,confederate
689,1,-3.282,8.254,-3.282,8.616,30,confederate
689,2,0.743,4.538,0.591,4.694,9,participant
690,0,-2.854,9.55375,-3.038,10.01,3,confederate
690,1,-3.409,8.84,-3.221,8.4565,30,confederate
690,2,0.706,4.449,0.538,5.0245,6,participant
691,0,-2.7125,9.454,-2.909,9.587,3,confederate
691,2,0.618,4.599,0.508,5.605,6,participant
692,0,-2.715,9.42175,-2.951,9.724,3,confederate
692,1,-3.184,8.206499999999998,-3.242,8.616,30,confederate
692,2,0.558,4.694,0.427,5.257,6,participant
693,0,-2.97,9.90125,-3.156,10.398,3,confederate
693,1,-3.415,8.616,-3.415,9.078,30,confederate
693,2,0.501,4.897,0.355,5.8965,6,participant
694,0,-2.861,9.62125,-2.951,9.724,3,confederate
694,1,-3.388,8.7835,-3.162,8.404,27,confederate
694,2,0.412,4.6625,0.278,5.005,6,participant
695,0,-3.026,10.01,-3.084,10.162,3,confederate
695,1,-3.5685,9.199,-3.262,8.6715,21,confederate
695,2,0.38,4.845,0.19,5.1785,6,participant
696,0,-2.8785,9.48825,-2.909,9.587,3,confederate
696,1,-3.476,8.92775,-3.221,8.5625,27,confederate
696,2,0.308,5.042,0.131,5.236,6,participant
697,0,-2.878,9.55375,-2.909,9.587,3,confederate
697,1,-3.3975,8.75525,-3.201,8.509,27,confederate
697,2,0.289,5.236,0.033,5.2975,9,participant
698,0,-3.083,10.1985,-3.107,10.237,3,confederate
698,1,-3.3435,8.6725,-3.283,8.727,27,confederate
698,2,0.156,5.08,-0.071,5.7455,6,participant
699,0,-2.848,9.454,-2.849,9.3895,3,confederate
699,1,-3.0785,8.104,-3.049,8.104,27,confederate
699,2,0.054,5.216,-0.207,6.1615,6,participant
700,0,-2.8695,9.587,-2.995,9.7945,3,confederate
700,1,-3.4505,8.846,-3.461,9.199,27,confederate
700,2,-0.064,5.118,-0.249,5.49,6,participant
701,0,-3.026,10.01,-3.178,10.393,3,confederate
701,1,-3.332,8.54225,-3.37,8.957,18,confederate
701,2,-0.114,5.277,-0.338,5.277,9,participant
702,0,-2.9610000000000003,9.7945,-3.061,10.01,3,confederate
702,1,-3.434,8.98675,-3.326,8.84,12,confederate
702,2,-0.227,5.277,-0.462,5.424,6,participant
703,0,-3.0945,10.237,-3.333,10.8975,3,confederate
703,1,-3.326,8.84,-3.326,8.84,12,confederate
703,2,-0.4325,5.402,-0.536,5.402,3,participant
704,0,-2.878,9.5205,-2.974,9.724,3,confederate
704,1,-3.326,8.622499999999999,-3.326,8.84,12,confederate
704,2,-0.388,5.277,-0.607,5.36,6,participant
705,0,-2.8680000000000003,9.5205,-2.974,9.724,3,confederate
705,1,-3.415,8.81925,-3.415,9.076,12,confederate
705,2,-0.502,5.446,-0.717,5.424,3,participant
706,0,-3.027,10.0135,-3.108,10.162,3,confederate
706,1,-3.305,8.7835,-3.305,8.7835,15,confederate
706,2,-0.6,5.402,-0.752,5.402,3,participant
707,0,-2.898,9.587,-2.974,9.724,3,confederate
707,1,-3.37,8.957,-3.37,8.957,15,confederate
707,2,-0.663,5.402,-0.835,5.446,3,participant
708,0,-2.878,9.587,-2.932,9.587,3,confederate
708,1,-3.349,8.842,-3.349,8.957,15,confederate
708,2,-0.732,5.446,-0.9,5.535,3,participant
709,0,-2.94,9.726,-3.039,9.9375,3,confederate
709,1,-3.41,8.8985,-3.221,8.616,15,confederate
709,2,-0.828,5.49,-0.973,5.58,9,participant
710,0,-2.6215,8.958,-2.636,8.618,3,confederate
710,1,-3.241,8.4565,-3.066,8.201,15,confederate
710,2,-0.896,5.446,-1.021,5.557,6,participant
711,0,-2.972,9.7945,-3.017,9.865,3,confederate
711,1,-3.305,8.4585,-3.305,8.84,15,confederate
711,2,-0.999,5.58,-1.123,5.7445,6,participant
712,0,-2.8495,9.3895,-2.872,9.3895,3,confederate
712,1,-3.345,8.727,-3.181,8.509,15,confederate
712,2,-1.051,5.58,-1.179,5.6265,3,participant
713,0,-2.83,9.454,-2.912,9.5205,3,confederate
713,1,-3.388,8.84,-3.263,8.727,15,confederate
713,2,-1.153,5.626,-1.391,6.2175,3,participant
714,0,-2.9005,9.59,-2.995,9.7945,3,confederate
714,1,-3.433,8.957,-3.284,8.7835,15,confederate
714,2,-1.257,5.843999999999999,-1.431,6.078,6,participant
715,0,-2.881,9.55675,-2.951,9.724,3,confederate
715,1,-3.479,9.262,-3.463,9.262,15,confederate
715,2,-1.321,6.02425,-1.823,7.1725,6,participant
716,0,-2.867,9.454,-2.869,9.454,12,confederate
716,1,-3.465,9.325,-3.486,9.325,18,confederate
716,2,-1.338,5.68475,-1.662,6.422,6,participant
717,0,-2.7635,9.206,-2.891,9.454,6,confederate
717,1,-3.122,8.4565,-3.161,8.509,18,confederate
717,2,-1.385,5.6975,-1.646,6.247,12,participant
718,0,-2.7225,9.077,-2.813,9.199,27,confederate
718,1,-3.084,8.301,-3.084,8.301,12,confederate
718,2,-1.441,6.133,-1.794,6.5155,12,participant
719,0,-2.338,7.93475,-2.721,8.8985,30,confederate
719,1,-3.302,8.616,-3.161,8.509,12,confederate
719,2,-1.7095,6.133,-1.747,6.188,18,participant
720,0,-3.479,9.076,-3.328,8.957,9,confederate
720,1,-1.685,5.9195,-2.776,9.078,6,participant
721,0,-3.458,9.078,-3.122,8.404,12,confederate
721,1,-2.2645,7.6385,-2.813,9.199,6,confederate
722,0,-3.456,9.0165,-3.243,8.84,12,confederate
722,1,-2.352,7.7245,-2.683,8.84,9,confederate
723,0,-3.433,9.076,-3.353,9.199,15,confederate
723,1,-1.7235,5.9357500000000005,-1.901,6.078,12,participant
724,0,-3.323,8.727,-3.044,8.3525,15,confederate
724,1,-2.047,6.3895,-2.198,6.674,9,participant
725,0,-3.302,8.616,-2.919,8.008,15,confederate
725,1,-1.999,6.16375,-2.105,6.3035,9,participant
725,2,-2.6655,9.2935,-2.742,9.325,27,confederate
726,0,-3.221,8.4565,-3.062,8.4565,15,confederate
726,1,-2.0145,5.9065,-2.144,6.2455,9,participant
726,2,-2.8245,9.454,-3.015,10.0125,12,confederate
727,0,-3.201,8.4565,-3.142,8.4565,18,confederate
727,1,-2.2055,6.37775,-2.291,6.4525,12,participant
727,2,-2.853,9.588,-3.038,10.01,15,confederate
728,0,-3.2715,8.616,-3.182,8.4565,24,confederate
728,1,-2.51,7.05475,-2.528,6.982,15,participant
728,2,-2.8355,9.454,-2.869,9.454,3,confederate
729,0,-2.4995,7.14775,-2.457,6.74,12,participant
729,1,-2.8955,9.69075,-3.131,10.316,3,confederate
730,0,-2.6295,6.964,-2.632,6.911,12,participant
730,1,-2.794,9.48725,-2.889,9.5205,3,confederate
731,0,-2.825,7.128,-3.124,8.201,27,participant
731,1,-2.785,9.5205,-3.016,9.9375,3,confederate
732,0,-3.0825,7.84725,-3.183,7.649,12,confederate
732,1,-2.738,9.454,-2.847,9.454,3,confederate
733,0,-3.2110000000000003,7.8735,-3.329,7.739,12,confederate
733,1,-2.8435,9.589,-2.971,9.867,3,confederate
734,0,-3.3495,8.0095,-3.424,7.915,12,confederate
734,1,-2.7345,9.55375,-2.905,9.724,3,confederate
735,0,-3.3070000000000004,7.542249999999999,-3.533,7.828,12,participant
735,1,-2.822,9.5205,-2.928,9.724,3,confederate
736,0,-2.928,6.89775,-2.941,6.4835,12,participant
736,1,-2.6995,9.16825,-2.715,9.0165,3,confederate
736,2,-3.2415000000000003,8.48275,-3.242,8.6715,30,confederate
737,0,-3.2085,7.14725,-3.25,7.165,9,participant
737,1,-2.8615,9.724,-3.014,10.01,3,confederate
737,2,-3.182,8.404,-3.162,8.404,27,confederate
738,0,-3.2165,7.0545,-3.233,7.018,9,participant
738,1,-2.7515,9.454,-2.767,9.262,3,confederate
738,2,-3.526,9.199,-3.458,9.078,15,confederate
739,0,-3.3,7.30225,-3.333,7.091,12,participant
739,1,-2.916,9.83275,-3.107,10.398,3,confederate
739,2,-3.457,9.04775,-3.481,9.1375,18,confederate
740,0,-3.397,7.3995,-3.348,7.018,12,participant
740,1,-2.7405,9.35725,-2.764,9.325,3,confederate
740,2,-3.55,9.262,-3.367,8.84,15,confederate
741,0,-3.5595,7.4,-3.416,7.0545,9,participant
741,1,-2.8385,9.68975,-2.883,9.724,3,confederate
741,2,-3.435,9.0165,-3.435,9.0165,15,confederate
742,0,-3.635,7.439500000000001,-3.615,7.359,6,participant
742,1,-2.75,9.454,-2.764,9.325,3,confederate
742,2,-3.456,9.0165,-3.367,8.84,15,confederate
743,0,-3.6655,7.50625,-3.679,7.28,6,participant
743,1,-2.684,9.454,-2.78,9.454,3,confederate
743,2,-3.531,9.018,-3.41,8.8985,27,confederate
744,0,-3.7925,7.3395,-3.713,7.28,6,participant
744,1,-2.8075,9.6555,-2.86,9.724,3,confederate
745,0,-3.7875,7.41925,-3.86,7.399,6,participant
745,1,-2.822,9.588,-2.86,9.724,3,confederate
746,0,-3.838,7.564500000000001,-3.826,7.203,9,participant
746,1,-2.814,9.7945,-2.901,9.865,3,confederate
747,0,-3.9655,7.420249999999999,-4.119,7.5235,18,participant
747,1,-2.7075,9.724,-2.857,9.7945,3,confederate
748,0,-4.086,7.399,-4.086,7.399,9,participant
748,1,-2.6695,9.5205,-2.778,9.5205,3,confederate
749,0,-4.357,7.824,-4.589,8.104,3,participant
749,1,-2.814,9.724,-2.899,9.9375,3,confederate
749,2,-3.727,9.724,-3.727,9.724,24,confederate
750,0,-4.431,7.825,-4.974,8.6745,6,participant
750,1,-2.717,9.5205,-2.837,9.724,3,confederate
750,2,-3.599,9.3895,-3.599,9.3895,21,confederate
751,0,-4.504,7.824,-4.779,8.301,3,participant
751,1,-2.7445000000000004,9.5205,-2.797,9.587,3,confederate
752,0,-4.464,7.6915,-4.612,7.915,6,participant
752,1,-2.725,9.454,-2.797,9.587,3,confederate
753,0,-4.432,7.6055,-4.936,8.3025,6,participant
753,1,-2.7435,9.454,-2.758,9.454,3,confederate
754,0,-4.436,7.5215,-4.936,8.206,6,participant
754,1,-2.7555,9.587,-2.86,9.724,3,confederate
755,0,-4.524,7.5215,-4.727,7.828,3,participant
755,1,-2.736,9.48725,-2.8,9.5205,3,confederate
756,0,-4.568,7.564,-5.434,8.727,3,participant
756,1,-2.6695,9.454,-2.758,9.454,3,confederate
757,0,-5.016,8.056,-5.287,8.4585,3,participant
757,1,-2.7065,9.454,-2.758,9.454,3,confederate
758,0,-4.761,7.825,-4.964,7.825,3,participant
758,1,-2.688,9.55375,-2.86,9.724,3,confederate
758,2,-3.433,8.957,-3.433,8.957,30,confederate
759,0,-4.728,7.6055,-5.375,8.2585,3,participant
759,1,-2.7515,9.68975,-2.944,10.01,3,confederate
760,0,-4.978,8.0095,-5.274,8.1045,3,participant
760,1,-2.7155,9.3895,-2.739,9.3895,3,confederate
761,0,-5.042,8.008,-5.249,8.008,3,participant
761,1,-2.736,9.55375,-2.797,9.587,3,confederate
762,0,-5.145,7.82925,-5.307,8.0095,6,participant
762,1,-2.7255000000000003,9.587,-2.797,9.587,3,confederate
763,0,-5.047499999999999,7.806749999999999,-5.578,8.301,6,participant
763,1,-2.7255000000000003,9.455,-2.778,9.5205,3,confederate
763,2,-3.457,9.1375,-3.435,9.0165,30,confederate
764,0,-5.093500000000001,7.80325,-5.601,8.3065,9,participant
764,1,-2.7545,9.587,-2.817,9.6555,3,confederate
765,0,-5.363,8.10525,-5.55,8.2025,6,participant
765,1,-2.7545,9.588,-2.817,9.6555,3,confederate
766,0,-5.509,7.96425,-5.522,8.1045,6,participant
766,1,-2.736,9.5205,-2.797,9.587,3,confederate
767,0,-5.323499999999999,7.9155,-5.43,7.916,6,participant
767,1,-2.688,9.55375,-2.817,9.6555,3,confederate
768,0,-5.4375,7.961499999999999,-5.569,8.008,6,participant
768,1,-2.717,9.587,-2.857,9.7945,3,confederate
769,0,-5.572,7.892250000000001,-5.659,8.056,6,participant
769,1,-2.814,9.726,-2.899,9.9375,3,confederate
770,0,-5.553,7.93875,-5.942,8.4585,6,participant
770,1,-2.717,9.587,-2.797,9.587,3,confederate
771,0,-5.806,8.251750000000001,-5.871,8.3025,6,participant
771,1,-2.6605,9.42175,-2.758,9.454,3,confederate
772,0,-5.8260000000000005,8.155249999999999,-6.026,8.355,6,participant
772,1,-2.7445000000000004,9.587,-2.797,9.587,3,confederate
773,0,-6.1025,8.53725,-6.218,8.5655,6,participant
773,1,-2.6875,9.42175,-2.758,9.454,3,confederate
774,0,-6.0075,8.303,-6.104,8.355,6,participant
774,1,-2.6605,9.4245,-2.797,9.587,3,confederate
775,0,-6.0595,8.3805,-6.202,8.4085,6,participant
775,1,-2.76,9.55475,-2.857,9.7945,3,confederate
776,0,-6.157500000000001,8.38175,-6.126,8.201,9,participant
776,1,-2.657,9.39125,-2.857,9.7945,3,confederate
777,0,-6.0185,8.251,-6.202,8.251,6,participant
777,1,-2.7445000000000004,9.5205,-2.797,9.587,3,confederate
778,0,-6.408,8.59325,-6.523,8.5705,6,participant
778,1,-2.7830000000000004,9.587,-2.857,9.7945,3,confederate
779,0,-6.3215,8.48775,-6.623,8.6745,9,participant
779,1,-2.7925,9.6555,-2.942,10.085,3,confederate
780,0,-6.144,8.2025,-6.791,8.84,6,participant
780,1,-2.6695,9.2305,-2.702,9.262,3,confederate
781,0,-6.627,8.7835,-6.837,8.846,6,participant
781,1,-2.8255,9.724,-2.899,9.9375,3,confederate
782,0,-6.3185,8.22825,-6.494,8.3525,6,participant
782,1,-2.8025,9.724,-2.837,9.724,3,confederate
783,0,-6.776,8.618,-7.091,8.958,3,participant
783,1,-2.7350000000000003,9.5205,-2.797,9.587,3,confederate
784,0,-6.4435,8.3025,-6.863,8.618,6,participant
784,1,-2.697,9.55375,-2.837,9.724,3,confederate
785,0,-6.581,8.30175,-6.67,8.3025,6,participant
785,1,-2.7445000000000004,9.587,-2.797,9.587,3,confederate
785,2,-3.261,8.509,-3.241,8.4565,30,confederate
786,0,-6.659,8.355,-6.877,8.51,6,participant
786,1,-2.725,9.55375,-2.797,9.587,3,confederate
787,0,-6.949,8.729,-7.045,8.618,9,participant
787,1,-2.725,9.454,-2.778,9.5205,3,confederate
788,0,-7.0945,8.875250000000001,-7.132,8.6745,18,participant
788,1,-2.777,9.587,-2.797,9.587,3,confederate
789,0,-7.1385000000000005,8.812750000000001,-7.365,8.9075,12,participant
789,1,-2.7445000000000004,9.454,-2.797,9.587,3,confederate
790,0,-7.406499999999999,9.017,-7.449,8.958,9,participant
790,1,-2.7535,9.55375,-2.797,9.587,3,confederate
791,0,-7.5615,9.26825,-7.595,9.0825,12,participant
791,1,-2.784,9.62125,-2.837,9.724,3,confederate
792,0,-7.686,9.3265,-8.091,9.595,12,participant
792,1,-2.7825,9.587,-2.857,9.7945,3,confederate
792,2,-3.143,8.201,-3.143,8.201,30,confederate
793,0,-7.528,8.999500000000001,-7.84,9.272,6,participant
793,1,-2.6515000000000004,9.2935,-2.684,9.199,3,confederate
793,2,-3.106,8.104,-3.106,8.104,30,confederate
794,0,-7.238,8.6745,-7.496,8.84,6,participant
794,1,-2.8025,9.724,-2.837,9.724,3,confederate
795,0,-7.3275,8.6715,-7.642,8.963,6,participant
795,1,-2.7435,9.48725,-2.758,9.454,3,confederate
796,0,-7.605499999999999,8.957,-7.637,8.957,6,participant
796,1,-2.6515,9.3895,-2.758,9.454,3,confederate
797,0,-7.6385,8.958,-7.781,9.076,6,participant
797,1,-2.7435,9.6555,-2.837,9.724,3,confederate
798,0,-8.39,9.75925,-8.489,9.7945,6,participant
798,1,-2.688,9.5205,-2.837,9.724,3,confederate
799,0,-7.4855,8.7275,-7.557,8.6715,6,participant
799,1,-2.763,9.724,-2.878,9.865,3,confederate
800,0,-7.6475,8.81175,-7.654,8.7835,9,participant
800,1,-2.6875,9.454,-2.797,9.587,3,confederate
801,0,-8.027000000000001,9.199,-8.038,9.199,6,participant
801,1,-2.7435,9.5205,-2.797,9.587,3,confederate
802,0,-8.642,9.9035,-8.687,9.942,6,participant
802,1,-2.7445000000000004,9.454,-2.797,9.587,3,confederate
803,0,-8.222000000000001,9.359,-8.351,9.456,6,participant
803,1,-2.7350000000000003,9.454,-2.778,9.5205,3,confederate
804,0,-8.8945,10.05425,-9.208,10.316,6,participant
804,1,-2.688,9.454,-2.758,9.454,3,confederate
805,0,-7.922000000000001,8.9575,-8.016,8.958,9,participant
805,1,-2.808,9.587,-2.942,10.085,3,confederate
806,0,-8.0425,8.98725,-8.143,9.076,12,participant
806,1,-2.6385,9.2305,-2.702,9.262,3,confederate
807,0,-9.477,10.56075,-9.748,10.8075,15,participant
807,1,-2.7315,9.55375,-2.797,9.587,3,confederate
808,0,-9.267,10.315,-9.304,10.316,15,participant
808,1,-2.734,9.48725,-2.758,9.454,3,confederate
809,0,-9.9285,10.979,-10.006,10.979,15,participant
809,1,-2.7545,9.55475,-2.817,9.6555,3,confederate
810,0,-9.5365,10.47625,-9.77,10.6385,12,participant
810,1,-2.793,9.6555,-2.857,9.7945,3,confederate
811,0,-9.73,10.636,-9.742,10.554,12,participant
811,1,-2.793,9.5205,-2.857,9.7945,3,confederate
812,0,-9.5095,10.315,-9.547,10.316,15,participant
812,1,-2.7355,9.724,-2.878,9.865,3,confederate
813,0,-9.247,9.963,-10.001,10.7255,15,participant
813,1,-2.7825,9.6555,-2.797,9.587,3,confederate
814,0,-10.2415,10.9085,-11.685,12.376,18,participant
814,1,-2.758,9.454,-2.78,9.454,3,confederate
815,0,-10.349,10.892,-10.835,11.4475,12,participant
815,1,-2.725,9.454,-2.758,9.454,3,confederate
816,0,-9.36,9.90125,-9.406,9.9375,12,participant
816,1,-2.7825,9.6555,-2.878,9.865,6,confederate
817,0,-10.4085,10.982,-10.615,11.159,12,participant
817,1,-2.7515,9.587,-2.774,9.587,6,confederate
818,0,-9.9525,10.5145,-10.142,10.636,12,participant
818,1,-2.7140000000000004,9.454,-2.736,9.454,3,confederate
819,0,-10.343,10.899,-10.696,11.162,12,participant
819,1,-2.688,9.454,-2.736,9.454,3,confederate
820,0,-10.6525,11.252,-10.978,11.345,18,participant
820,1,-2.6825,9.55375,-2.71,9.5205,3,confederate
821,0,-10.374,10.7205,-10.374,10.7205,18,participant
821,1,-2.7335,9.724,-2.768,9.724,0,confederate
822,0,-10.43,10.805,-10.509,10.8075,15,participant
822,1,-2.677,9.3895,-2.692,9.454,0,confederate
823,0,-10.456,10.805,-10.429,10.7255,15,participant
823,1,-2.677,9.454,-2.692,9.454,0,confederate
824,0,-10.456,10.805,-10.591,10.892,18,participant
824,1,-2.7475,9.62125,-2.749,9.6555,0,confederate
825,0,-10.675,10.979,-11.218,11.537,18,participant
825,1,-2.7375,9.587,-2.768,9.724,0,confederate
826,0,-9.965,10.554,-10.877,11.159,18,participant
826,1,-2.662,9.325,-2.655,9.325,0,confederate
826,2,-3.388,8.84,-3.388,8.84,30,confederate
827,0,-10.532,10.805,-10.424,10.7205,21,participant
827,1,-2.696,9.454,-2.692,9.454,0,confederate
827,2,-3.345,8.727,-3.345,8.727,30,confederate
828,0,-9.978,10.237,-9.978,10.237,24,participant
828,1,-2.757,9.724,-2.768,9.724,0,confederate
828,2,-3.302,8.5625,-3.302,8.5625,27,confederate
829,0,-10.474,10.7205,-10.474,10.7205,27,participant
829,1,-2.6955,9.55375,-2.71,9.5205,0,confederate
830,1,-2.6715,9.454,-2.692,9.454,0,confederate
830,2,-3.241,8.404,-3.241,8.404,27,confederate
831,1,-2.7085,9.587,-2.71,9.5205,0,confederate
831,2,-3.433,8.957,-3.327,8.8985,18,confederate
832,1,-2.662,9.454,-2.655,9.325,0,confederate
832,2,-3.433,8.957,-3.306,8.842,18,confederate
833,1,-2.6260000000000003,9.199,-2.619,9.199,0,confederate
833,2,-3.1625,8.27675,-3.011,8.104,15,confederate
834,1,-2.7105,9.454,-2.692,9.454,6,confederate
834,2,-3.162,8.404,-3.181,8.5625,12,confederate
835,1,-2.653,9.35725,-2.619,9.199,6,confederate
835,2,-3.326,8.84,-3.372,9.076,12,confederate
836,1,-2.692,9.454,-2.692,9.454,6,confederate
836,2,-3.201,8.404,-3.201,8.616,12,confederate
837,1,-2.622,9.19975,-2.584,9.076,6,confederate
837,2,-3.201,8.404,-3.142,8.404,12,confederate
838,1,-2.692,9.454,-2.692,9.454,6,confederate
838,2,-3.388,8.84,-3.242,8.6715,15,confederate
839,0,-2.633,9.076,-2.584,9.076,6,confederate
839,1,-3.468,9.077,-3.305,8.84,12,confederate
840,0,-2.7195,9.55375,-2.71,9.5205,6,confederate
840,1,-3.55,9.262,-3.349,8.957,15,confederate
841,0,-2.7295,9.588,-2.71,9.5205,6,confederate
841,1,-3.528,9.262,-3.349,8.957,12,confederate
842,0,-2.664,9.35725,-2.655,9.325,6,confederate
842,1,-3.412,8.957,-3.305,8.84,12,confederate
843,0,-2.739,9.6555,-2.71,9.5205,6,confederate
843,1,-3.526,9.199,-3.439,9.199,15,confederate
844,0,-2.6805000000000003,9.454,-2.692,9.454,6,confederate
844,1,-3.479,9.076,-3.371,9.0165,15,confederate
845,0,-2.6975,9.454,-2.655,9.325,6,confederate
845,1,-3.577,9.3895,-3.242,8.6715,15,confederate
846,0,-2.644,9.325,-2.655,9.325,6,confederate
846,1,-3.433,8.957,-3.242,8.6715,15,confederate
847,0,-2.718,9.587,-2.729,9.587,6,confederate
847,1,-3.479,9.1375,-3.439,9.199,15,confederate
848,0,-2.6900000000000004,9.48725,-2.692,9.454,6,confederate
848,1,-3.526,9.199,-3.349,8.957,15,confederate
849,0,-2.718,9.587,-2.729,9.587,6,confederate
849,1,-3.55,9.262,-3.439,9.199,15,confederate
850,0,-2.741,9.6555,-2.789,9.7945,6,confederate
850,1,-3.652,9.587,-3.662,9.7945,15,confederate
851,0,-2.7485,9.5205,-2.729,9.587,6,confederate
851,1,-3.574,9.325,-3.305,8.84,12,confederate
852,0,-2.7190000000000003,9.589,-2.692,9.454,6,confederate
852,1,-3.435,9.0165,-3.305,8.84,12,confederate
853,0,-2.7505,9.724,-2.768,9.724,6,confederate
853,1,-3.39,8.8985,-3.162,8.4565,12,confederate
854,0,-2.633,9.262,-2.619,9.199,6,confederate
854,1,-3.574,9.325,-3.066,8.201,12,confederate
855,0,-2.6995,9.454,-2.692,9.454,6,confederate
855,1,-3.4915,9.1375,-3.182,8.51,9,confederate
856,0,-2.669,9.3895,-2.655,9.325,6,confederate
856,1,-3.479,9.076,-3.305,8.84,12,confederate
857,0,-2.662,9.35725,-2.655,9.325,6,confederate
857,1,-3.346,8.7835,-3.305,8.84,12,confederate
858,0,-2.7195,9.5205,-2.71,9.5205,6,confederate
858,1,-3.3455000000000004,8.727,-3.181,8.509,9,confederate
859,0,-2.648,9.199,-2.619,9.199,6,confederate
859,1,-3.292,8.616,-3.104,8.301,9,confederate
860,0,-2.669,9.325,-2.699,9.325,6,confederate
860,1,-3.232,8.51,-3.03,8.104,9,confederate
861,0,-2.7215,9.5205,-2.736,9.454,6,confederate
861,1,-3.305,8.7835,-3.305,8.84,9,confederate
862,0,-2.7515,9.587,-2.774,9.587,6,confederate
862,1,-3.388,8.84,-3.263,8.727,12,confederate
863,0,-2.7325,9.5205,-2.755,9.5205,6,confederate
863,1,-3.367,8.84,-3.067,8.2025,12,confederate
864,0,-2.7615,9.587,-2.794,9.6555,6,confederate
864,1,-3.305,8.84,-3.305,8.84,12,confederate
865,0,-2.811,9.69075,-2.834,9.7945,6,confederate
865,1,-3.201,8.3525,-3.066,8.201,12,confederate
866,0,-2.7140000000000004,9.454,-2.736,9.454,6,confederate
866,1,-3.323,8.6715,-3.123,8.301,12,confederate
867,0,-2.693,9.35725,-2.717,9.3895,6,confederate
867,1,-3.388,8.84,-3.142,8.3525,12,confederate
868,0,-2.7405,9.587,-2.774,9.587,6,confederate
868,1,-3.502,9.1375,-3.242,8.616,12,confederate
869,0,-2.741,9.587,-2.736,9.454,6,confederate
869,1,-3.302,8.616,-3.221,8.5625,12,confederate
870,0,-2.707,9.454,-2.736,9.454,6,confederate
870,1,-3.305,8.727,-3.305,8.7835,12,confederate
871,0,-2.7060000000000004,9.35725,-2.72,9.325,6,confederate
871,1,-3.261,8.4565,-3.182,8.4565,12,confederate
872,0,-2.7535,9.55375,-2.778,9.5205,6,confederate
872,1,-3.431,8.8985,-3.242,8.616,12,confederate
873,0,-2.8255,9.724,-2.837,9.724,6,confederate
873,1,-3.454,8.957,-3.221,8.5625,12,confederate
874,0,-2.776,9.454,-2.778,9.5205,6,confederate
874,1,-3.4335,8.9575,-3.067,8.1525,12,confederate
875,0,-2.8255,9.724,-2.837,9.724,6,confederate
875,1,-3.3435,8.727,-3.283,8.727,12,confederate
876,0,-2.8255,9.6555,-2.837,9.724,6,confederate
876,1,-3.485,9.04875,-3.485,9.262,9,confederate
877,0,-2.774,9.325,-2.774,9.587,6,confederate
877,1,-3.459,8.98725,-3.461,9.199,9,confederate
878,0,-2.774,9.587,-2.774,9.587,6,confederate
878,1,-3.305,8.64475,-3.305,8.7835,9,confederate
879,0,-2.7285000000000004,9.454,-2.736,9.454,6,confederate
879,1,-3.162,8.405,-3.162,8.405,6,confederate
880,0,-2.8255,9.6555,-2.837,9.724,6,confederate
880,1,-3.4135,8.7335,-3.415,9.076,6,confederate
881,0,-2.747,9.454,-2.758,9.454,6,confederate
881,1,-3.326,8.5625,-3.326,8.84,9,confederate
882,0,-2.747,9.454,-2.758,9.454,6,confederate
882,1,-3.2305,8.48325,-3.221,8.5625,6,confederate
883,0,-2.728,9.325,-2.72,9.325,6,confederate
883,1,-3.3235,8.617,-3.201,8.509,9,confederate
884,0,-2.6855,9.2935,-2.702,9.262,6,confederate
884,1,-3.365,8.727,-3.201,8.509,12,confederate
885,0,-2.8055000000000003,9.5205,-2.797,9.587,6,confederate
885,1,-3.365,8.727,-3.201,8.509,12,confederate
886,0,-2.747,9.454,-2.758,9.454,6,confederate
886,1,-3.201,8.404,-3.201,8.404,12,confederate
887,0,-2.7095,9.325,-2.72,9.325,6,confederate
887,1,-3.221,8.4565,-3.221,8.4565,9,confederate
888,0,-2.719,9.454,-2.739,9.3895,6,confederate
888,1,-3.552,9.2005,-3.552,9.325,9,confederate
889,0,-2.7855,9.55375,-2.797,9.587,6,confederate
889,1,-3.324,8.6715,-3.324,8.727,9,confederate
890,0,-2.611,8.98675,-2.613,8.957,6,confederate
890,1,-3.221,8.404,-3.221,8.5625,12,confederate
891,0,-2.763,9.587,-2.797,9.587,6,confederate
891,1,-3.69,9.587,-3.712,9.865,12,confederate
892,0,-2.7,9.454,-2.758,9.454,6,confederate
892,1,-3.69,9.454,-3.37,8.957,9,confederate
893,0,-2.747,9.454,-2.758,9.454,6,confederate
893,1,-3.364,8.6715,-3.262,8.6715,9,confederate
894,0,-2.7,9.35725,-2.72,9.325,6,confederate
894,1,-3.321,8.51,-3.182,8.3525,15,confederate
895,0,-2.7955,9.587,-2.797,9.587,6,confederate
895,1,-3.363,8.616,-3.124,8.201,12,confederate
896,0,-2.757,9.587,-2.778,9.5205,6,confederate
896,1,-3.45,8.84,-3.201,8.404,12,confederate
897,0,-2.747,9.454,-2.758,9.454,6,confederate
897,1,-3.451,8.842,-3.143,8.251,12,confederate
898,0,-2.747,9.454,-2.758,9.454,6,confederate
898,1,-3.201,8.301,-3.124,8.201,9,confederate
